date,MotorVehicles_1982,PharmaceuticalPreparations_2001-06,Gasoline_1982,Meats_1982,IndustrialChemicals_1982,Lumber_1982,SteelMillProducts_1982,No2DieselFuel_1982,PreparedAnimalFeeds_1982,CrudePetroleumDomesticProduction_1982,Grains_1982,CarbonSteelScrap_1986-12,OutpatientCarePartial_2009-06,InpatientCare_2009-06,FoodAndAlcoholRetailing_2009-03,ApparelJewelryFootwearAndAccessoriesRetailing_2009-06,AirlinePassengerServices_2008-12,SecuritiesBrokerageDealingInvestmentAdviceAndRelatedServices_2009-06,BusinessLoansPartial_2009-04,LegalServices_2009-03,TruckTransportationOfFreight_2009-06,MachineryAndEquipmentAndPartsAndSuppliesWholesaling_2009-06,AllCommodities_1982
1913-01,,,,,,,,,,,,,,,,,,,,,,,12.1
1913-02,,,,,,,,,,,,,,,,,,,,,,,12
1913-03,,,,,,,,,,,,,,,,,,,,,,,12
1913-04,,,,,,,,,,,,,,,,,,,,,,,12
1913-05,,,,,,,,,,,,,,,,,,,,,,,11.9
1913-06,,,,,,,,,,,,,,,,,,,,,,,11.9
1913-07,,,,,,,,,,,,,,,,,,,,,,,12
1913-08,,,,,,,,,,,,,,,,,,,,,,,12
1913-09,,,,,,,,,,,,,,,,,,,,,,,12.2
1913-10,,,,,,,,,,,,,,,,,,,,,,,12.2
1913-11,,,,,,,,,,,,,,,,,,,,,,,12.1
1913-12,,,,,,,,,,,,,,,,,,,,,,,11.9
1914-01,,,,,,,,,,,,,,,,,,,,,,,11.8
1914-02,,,,,,,,,,,,,,,,,,,,,,,11.8
1914-03,,,,,,,,,,,,,,,,,,,,,,,11.7
1914-04,,,,,,,,,,,,,,,,,,,,,,,11.7
1914-05,,,,,,,,,,,,,,,,,,,,,,,11.6
1914-06,,,,,,,,,,,,,,,,,,,,,,,11.6
1914-07,,,,,,,,,,,,,,,,,,,,,,,11.6
1914-08,,,,,,,,,,,,,,,,,,,,,,,12
1914-09,,,,,,,,,,,,,,,,,,,,,,,12.1
1914-10,,,,,,,,,,,,,,,,,,,,,,,11.7
1914-11,,,,,,,,,,,,,,,,,,,,,,,11.7
1914-12,,,,,,,,,,,,,,,,,,,,,,,11.6
1915-01,,,,,,,,,,,,,,,,,,,,,,,11.8
1915-02,,,,,,,,,,,,,,,,,,,,,,,11.8
1915-03,,,,,,,,,,,,,,,,,,,,,,,11.8
1915-04,,,,,,,,,,,,,,,,,,,,,,,11.8
1915-05,,,,,,,,,,,,,,,,,,,,,,,11.9
1915-06,,,,,,,,,,,,,,,,,,,,,,,11.8
1915-07,,,,,,,,,,,,,,,,,,,,,,,11.9
1915-08,,,,,,,,,,,,,,,,,,,,,,,11.8
1915-09,,,,,,,,,,,,,,,,,,,,,,,11.8
1915-10,,,,,,,,,,,,,,,,,,,,,,,12.1
1915-11,,,,,,,,,,,,,,,,,,,,,,,12.3
1915-12,,,,,,,,,,,,,,,,,,,,,,,12.8
1916-01,,,,,,,,,,,,,,,,,,,,,,,13.3
1916-02,,,,,,,,,,,,,,,,,,,,,,,13.5
1916-03,,,,,,,,,,,,,,,,,,,,,,,13.9
1916-04,,,,,,,,,,,,,,,,,,,,,,,14.1
1916-05,,,,,,,,,,,,,,,,,,,,,,,14.2
1916-06,,,,,,,,,,,,,,,,,,,,,,,14.3
1916-07,,,,,,,,,,,,,,,,,,,,,,,14.4
1916-08,,,,,,,,,,,,,,,,,,,,,,,14.7
1916-09,,,,,,,,,,,,,,,,,,,,,,,15
1916-10,,,,,,,,,,,,,,,,,,,,,,,15.7
1916-11,,,,,,,,,,,,,,,,,,,,,,,16.8
1916-12,,,,,,,,,,,,,,,,,,,,,,,17.1
1917-01,,,,,,,,,,,,,,,,,,,,,,,17.6
1917-02,,,,,,,,,,,,,,,,,,,,,,,18
1917-03,,,,,,,,,,,,,,,,,,,,,,,18.5
1917-04,,,,,,,,,,,,,,,,,,,,,,,19.7
1917-05,,,,,,,,,,,,,,,,,,,,,,,20.8
1917-06,,,,,,,,,,,,,,,,,,,,,,,21
1917-07,,,,,,,,,,,,,,,,,,,,,,,21.2
1917-08,,,,,,,,,,,,,,,,,,,,,,,21.5
1917-09,,,,,,,,,,,,,,,,,,,,,,,21.3
1917-10,,,,,,,,,,,,,,,,,,,,,,,21.1
1917-11,,,,,,,,,,,,,,,,,,,,,,,21.2
1917-12,,,,,,,,,,,,,,,,,,,,,,,21.2
1918-01,,,,,,,,,,,,,,,,,,,,,,,21.6
1918-02,,,,,,,,,,,,,,,,,,,,,,,21.1
1918-03,,,,,,,,,,,,,,,,,,,,,,,21.8
1918-04,,,,,,,,,,,,,,,,,,,,,,,22.1
1918-05,,,,,,,,,,,,,,,,,,,,,,,22.1
1918-06,,,,,,,,,,,,,,,,,,,,,,,22.2
1918-07,,,,,,,,,,,,,,,,,,,,,,,22.7
1918-08,,,,,,,,,,,,,,,,,,,,,,,23.2
1918-09,,,,,,,,,,,,,,,,,,,,,,,23.7
1918-10,,,,,,,,,,,,,,,,,,,,,,,23.5
1918-11,,,,,,,,,,,,,,,,,,,,,,,23.5
1918-12,,,,,,,,,,,,,,,,,,,,,,,23.5
1919-01,,,,,,,,,,,,,,,,,,,,,,,23.2
1919-02,,,,,,,,,,,,,,,,,,,,,,,22.4
1919-03,,,,,,,,,,,,,,,,,,,,,,,22.6
1919-04,,,,,,,,,,,,,,,,,,,,,,,22.9
1919-05,,,,,,,,,,,,,,,,,,,,,,,23.3
1919-06,,,,,,,,,,,,,,,,,,,,,,,23.4
1919-07,,,,,,,,,,,,,,,,,,,,,,,24.3
1919-08,,,,,,,,,,,,,,,,,,,,,,,24.9
1919-09,,,,,,,,,,,,,,,,,,,,,,,24.3
1919-10,,,,,,,,,,,,,,,,,,,,,,,24.4
1919-11,,,,,,,,,,,,,,,,,,,,,,,24.9
1919-12,,,,,,,,,,,,,,,,,,,,,,,26
1920-01,,,,,,,,,,,,,,,,,,,,,,,27.2
1920-02,,,,,,,,,,,,,,,,,,,,,,,27.1
1920-03,,,,,,,,,,,,,,,,,,,,,,,27.3
1920-04,,,,,,,,,,,,,,,,,,,,,,,28.5
1920-05,,,,,,,,,,,,,,,,,,,,,,,28.8
1920-06,,,,,,,,,,,,,,,,,,,,,,,28.7
1920-07,,,,,,,,,,,,,,,,,,,,,,,28.6
1920-08,,,,,,,,,,,,,,,,,,,,,,,27.8
1920-09,,,,,,,,,,,,,,,,,,,,,,,26.8
1920-10,,,,,,,,,,,,,,,,,,,,,,,24.9
1920-11,,,,,,,,,,,,,,,,,,,,,,,23
1920-12,,,,,,,,,,,,,,,,,,,,,,,20.8
1921-01,,,,,,,,,,,,,,,,,,,,,,,19.6
1921-02,,,,,,,,,,,,,,,,,,,,,,,18.1
1921-03,,,,,,,,,,,,,,,,,,,,,,,17.7
1921-04,,,,,,,,,,,,,,,,,,,,,,,17
1921-05,,,,,,,,,,,,,,,,,,,,,,,16.6
1921-06,,,,,,,,,,,,,,,,,,,,,,,16.1
1921-07,,,,,,,,,,,,,,,,,,,,,,,16.1
1921-08,,,,,,,,,,,,,,,,,,,,,,,16.1
1921-09,,,,,,,,,,,,,,,,,,,,,,,16.1
1921-10,,,,,,,,,,,,,,,,,,,,,,,16.2
1921-11,,,,,,,,,,,,,,,,,,,,,,,16.2
1921-12,,,,,,,,,,,,,,,,,,,,,,,16
1922-01,,,,,,,,,,,,,,,,,,,,,,,15.7
1922-02,,,,,,,,,,,,,,,,,,,,,,,16
1922-03,,,,,,,,,,,,,,,,,,,,,,,16
1922-04,,,,,,,,,,,,,,,,,,,,,,,16.1
1922-05,,,,,,,,,,,,,,,,,,,,,,,16.6
1922-06,,,,,,,,,,,,,,,,,,,,,,,16.6
1922-07,,,,,,,,,,,,,,,,,,,,,,,17.1
1922-08,,,,,,,,,,,,,,,,,,,,,,,17
1922-09,,,,,,,,,,,,,,,,,,,,,,,17.1
1922-10,,,,,,,,,,,,,,,,,,,,,,,17.2
1922-11,,,,,,,,,,,,,,,,,,,,,,,17.3
1922-12,,,,,,,,,,,,,,,,,,,,,,,17.3
1923-01,,,,,,,,,,,,,,,,,,,,,,,17.6
1923-02,,,,,,,,,,,,,,,,,,,,,,,17.8
1923-03,,,,,,,,,,,,,,,,,,,,,,,18
1923-04,,,,,,,,,,,,,,,,,,,,,,,17.9
1923-05,,,,,,,,,,,,,,,,,,,,,,,17.5
1923-06,,,,,,,,,,,,,,,,,,,,,,,17.3
1923-07,,,,,,,,,,,,,,,,,,,,,,,17
1923-08,,,,,,,,,,,,,,,,,,,,,,,16.9
1923-09,,,,,,,,,,,,,,,,,,,,,,,17.2
1923-10,,,,,,,,,,,,,,,,,,,,,,,17.1
1923-11,,,,,,,,,,,,,,,,,,,,,,,17
1923-12,,,,,,,,,,,,,,,,,,,,,,,16.9
1924-01,,,,,,,,,,,,,,,,,,,,,,,17.2
1924-02,,,,,,,,,,,,,,,,,,,,,,,17.2
1924-03,,,,,,,,,,,,,,,,,,,,,,,17
1924-04,,,,,,,,,,,,,,,,,,,,,,,16.7
1924-05,,,,,,,,,,,,,,,,,,,,,,,16.5
1924-06,,,,,,,,,,,,,,,,,,,,,,,16.4
1924-07,,,,,,,,,,,,,,,,,,,,,,,16.5
1924-08,,,,,,,,,,,,,,,,,,,,,,,16.7
1924-09,,,,,,,,,,,,,,,,,,,,,,,16.7
1924-10,,,,,,,,,,,,,,,,,,,,,,,16.9
1924-11,,,,,,,,,,,,,,,,,,,,,,,17.1
1924-12,,,,,,,,,,,,,,,,,,,,,,,17.5
1925-01,,,,,,,,,,,,,,,,,,,,,,,17.7
1925-02,,,,,,,,,,,,,,,,,,,,,,,17.9
1925-03,,,,,,,,,,,,,,,,,,,,,,,17.9
1925-04,,,,,,,,,,,,,,,,,,,,,,,17.5
1925-05,,,,,,,,,,,,,,,,,,,,,,,17.5
1925-06,,,,,,,,,,,,,,,,,,,,,,,17.7
1925-07,,,,,,,,,,,,,,,,,,,,,,,18
1925-08,,,,,,,,,,,,,,,,,,,,,,,17.9
1925-09,,,,,,,,,,,,,,,,,,,,,,,17.8
1925-10,,,,,,,,,,,,,,,,,,,,,,,17.8
1925-11,,,,,,,,,,,,,,,,,,,,,,,18
1925-12,,,,,,,,,,,,,,,,,,,,,,,17.8
1926-01,,,,,,8.3,,,,,37.9,,,,,,,,,,,,17.8
1926-02,,,,,,8.3,,,,,36.5,,,,,,,,,,,,17.6
1926-03,,,,,,8.3,,,,,34.2,,,,,,,,,,,,17.3
1926-04,,,,,,8.2,,,,,34.7,,,,,,,,,,,,17.3
1926-05,,,,,,8.1,,,,,33.7,,,,,,,,,,,,17.3
1926-06,,,,,,8,,,,,32.9,,,,,,,,,,,,17.3
1926-07,,,,,,8,,,,,33.9,,,,,,,,,,,,17.1
1926-08,,,,,,7.9,,,,,32.2,,,,,,,,,,,,17.1
1926-09,,,,,,7.9,,,,,32.1,,,,,,,,,,,,17.2
1926-10,,,,,,7.9,,,,,32.8,,,,,,,,,,,,17.1
1926-11,,,,,,8.1,,,,,31.5,,,,,,,,,,,,17
1926-12,,,,,,8,,,,,32.6,,,,,,,,,,,,16.9
1927-01,,,,,,7.9,,,,,32.3,,,,,,,,,,,,16.4
1927-02,,,,,,7.8,,,,,32.1,,,,,,,,,,,,16.6
1927-03,,,,,,7.7,,,,,31.3,,,,,,,,,,,,16.5
1927-04,,,,,,7.7,,,,,31.4,,,,,,,,,,,,16.3
1927-05,,,,,,7.7,,,,,35.1,,,,,,,,,,,,16.2
1927-06,,,,,,7.7,,,,,36.9,,,,,,,,,,,,16.2
1927-07,,,,,,7.6,,,,,36,,,,,,,,,,,,16.2
1927-08,,,,,,7.5,,,,,36.5,,,,,,,,,,,,16.4
1927-09,,,,,,7.4,,,,,34.7,,,,,,,,,,,,16.6
1927-10,,,,,,7.4,,,,,33.4,,,,,,,,,,,,16.7
1927-11,,,,,,7.3,,,,,33.6,,,,,,,,,,,,16.6
1927-12,,,,,,7.2,,,,,34.4,,,,,,,,,,,,16.6
1928-01,,,,,,7.2,,,,,35.2,,,,,,,,,,,,16.6
1928-02,,,,,,7.2,,,,,36.5,,,,,,,,,,,,16.5
1928-03,,,,,,7.2,,,,,38.3,,,,,,,,,,,,16.5
1928-04,,,,,,7.1,,,,,40.9,,,,,,,,,,,,16.7
1928-05,,,,,,7.1,,,,,42.8,,,,,,,,,,,,16.8
1928-06,,,,,,7.2,,,,,40.4,,,,,,,,,,,,16.7
1928-07,,,,,,7.2,,,,,37.5,,,,,,,,,,,,16.8
1928-08,,,,,,7.3,,,,,32.1,,,,,,,,,,,,16.8
1928-09,,,,,,7.4,,,,,32.8,,,,,,,,,,,,17
1928-10,,,,,,7.5,,,,,32.6,,,,,,,,,,,,16.7
1928-11,,,,,,7.5,,,,,31.8,,,,,,,,,,,,16.5
1928-12,,,,,,7.6,,,,,31.8,,,,,,,,,,,,16.5
1929-01,,,,,,7.5,,,,,33.1,,,,,,,,,,,,16.5
1929-02,,,,,,7.7,,,,,34.4,,,,,,,,,,,,16.4
1929-03,,,,,,7.8,,,,,33.2,,,,,,,,,,,,16.6
1929-04,,,,,,7.7,,,,,31.8,,,,,,,,,,,,16.5
1929-05,,,,,,7.6,,,,,29.7,,,,,,,,,,,,16.3
1929-06,,,,,,7.6,,,,,30.6,,,,,,,,,,,,16.4
1929-07,,,,,,7.5,,,,,34.4,,,,,,,,,,,,16.6
1929-08,,,,,,7.5,,,,,33.4,,,,,,,,,,,,16.6
1929-09,,,,,,7.7,,,,,34.2,,,,,,,,,,,,16.6
1929-10,,,,,,7.8,,,,,33.4,,,,,,,,,,,,16.4
1929-11,,,,,,7.4,,,,,32,,,,,,,,,,,,16.1
1929-12,,,,,,7.4,,,,,32.9,,,,,,,,,,,,16.1
1930-01,,,,,,7.5,,,,,31.6,,,,,,,,,,,,15.9
1930-02,,,,,,7.4,,,,,30,,,,,,,,,,,,15.7
1930-03,,,,,,7.4,,,,,28.1,,,,,,,,,,,,15.5
1930-04,,,,,,7.4,,,,,28.4,,,,,,,,,,,,15.5
1930-05,,,,,,7.2,,,,,27.7,,,,,,,,,,,,15.3
1930-06,,,,,,6.9,,,,,26.4,,,,,,,,,,,,15
1930-07,,,,,,6.8,,,,,24.9,,,,,,,,,,,,14.5
1930-08,,,,,,6.6,,,,,27.1,,,,,,,,,,,,14.5
1930-09,,,,,,6.6,,,,,25.9,,,,,,,,,,,,14.5
1930-10,,,,,,6.4,,,,,24.3,,,,,,,,,,,,14.3
1930-11,,,,,,6.5,,,,,21.5,,,,,,,,,,,,14
1930-12,,,,,,6.3,,,,,21.5,,,,,,,,,,,,13.7
1931-01,,,,,,6.2,,,,,21.1,,,,,,,,,,,,13.5
1931-02,,,,,,6,,,,,20.4,,,,,,,,,,,,13.2
1931-03,,,,,,6,,,,,20,,,,,,,,,,,,13.1
1931-04,,,,,,6,,,,,20.1,,,,,,,,,,,,12.9
1931-05,,,,,,5.6,,,,,20.1,,,,,,,,,,,,12.6
1931-06,,,,,,5.6,,,,,18.9,,,,,,,,,,,,12.4
1931-07,,,,,,5.4,,,,,16.5,,,,,,,,,,,,12.4
1931-08,,,,,,5.4,,,,,15.1,,,,,,,,,,,,12.4
1931-09,,,,,,5.4,,,,,14.8,,,,,,,,,,,,12.3
1931-10,,,,,,5.3,,,,,14.9,,,,,,,,,,,,12.1
1931-11,,,,,,5.3,,,,,17.3,,,,,,,,,,,,12.1
1931-12,,,,,,5.3,,,,,15.8,,,,,,,,,,,,11.8
1932-01,,,,,,5.3,,,,,15.7,,,,,,,,,,,,11.6
1932-02,,,,,,5.1,,,,,15.5,,,,,,,,,,,,11.4
1932-03,,,,,,5,,,,,14.7,,,,,,,,,,,,11.4
1932-04,,,,,,4.8,,,,,15,,,,,,,,,,,,11.3
1932-05,,,,,,4.8,,,,,14.4,,,,,,,,,,,,11.1
1932-06,,,,,,4.7,,,,,12.7,,,,,,,,,,,,11
1932-07,,,,,,4.6,,,,,12.3,,,,,,,,,,,,11.1
1932-08,,,,,,4.5,,,,,12.9,,,,,,,,,,,,11.2
1932-09,,,,,,4.5,,,,,12.6,,,,,,,,,,,,11.3
1932-10,,,,,,4.6,,,,,11.6,,,,,,,,,,,,11.1
1932-11,,,,,,4.6,,,,,11.1,,,,,,,,,,,,11
1932-12,,,,,,4.6,,,,,10.7,,,,,,,,,,,,10.8
1933-01,,,,,17.4,4.5,,,,,11,,,,,,,,,,,,10.5
1933-02,,,,,17.4,4.5,,,,,11,,,,,,,,,,,,10.3
1933-03,,,,,17.2,4.7,,,,,12.1,,,,,,,,,,,,10.4
1933-04,,,,,17.2,4.7,,,,,15.1,,,,,,,,,,,,10.4
1933-05,,,,,17.3,4.8,,,,,17.7,,,,,,,,,,,,10.8
1933-06,,,,,17.3,5.5,,,,,19.3,,,,,,,,,,,,11.2
1933-07,,,,,17.2,6.1,,,,,24.8,,,,,,,,,,,,11.9
1933-08,,,,,17.2,6.4,,,,,21.8,,,,,,,,,,,,12
1933-09,,,,,17.2,6.6,,,,,21.5,,,,,,,,,,,,12.2
1933-10,,,,,17.2,6.8,,,,,19.6,,,,,,,,,,,,12.3
1933-11,,,,,17.4,7,,,,,20.6,,,,,,,,,,,,12.3
1933-12,,,,,17.4,7.1,,,,,20.4,,,,,,,,,,,,12.2
1934-01,,,,,17.4,7.1,,,,,21.4,,,,,,,,,,,,12.4
1934-02,,,,,17.4,7.1,,,,,21.3,,,,,,,,,,,,12.7
1934-03,,,,,17.4,7,,,,,20.9,,,,,,,,,,,,12.7
1934-04,,,,,17.3,7.1,,,,,19.8,,,,,,,,,,,,12.7
1934-05,,,,,17.3,7,,,,,21.5,,,,,,,,,,,,12.7
1934-06,,,,,17.3,7,,,,,24.4,,,,,,,,,,,,12.9
1934-07,,,,,17.1,6.9,,,,,25.1,,,,,,,,,,,,12.9
1934-08,,,,,17.2,6.6,,,,,29,,,,,,,,,,,,13.2
1934-09,,,,,17.2,6.7,,,,,29.7,,,,,,,,,,,,13.4
1934-10,,,,,17.2,6.6,,,,,28.6,,,,,,,,,,,,13.2
1934-11,,,,,17.2,6.6,,,,,29.3,,,,,,,,,,,,13.2
1934-12,,,,,17.3,6.6,,,,,30.8,,,,,,,,,,,,13.3
1935-01,,,,,17.3,6.4,,,,,29.9,,,,,,,,,,,,13.6
1935-02,,,,,17.4,6.4,,,,,29.4,,,,,,,,,,,,13.7
1935-03,,,,,17.4,6.3,,,,,27.9,,,,,,,,,,,,13.7
1935-04,,,,,17.4,6.3,,,,,29.6,,,,,,,,,,,,13.8
1935-05,,,,,17.5,6.5,,,,,28.1,,,,,,,,,,,,13.8
1935-06,,,,,17.5,6.7,,,,,25.9,,,,,,,,,,,,13.8
1935-07,,,,,17.5,6.9,,,,,26.4,,,,,,,,,,,,13.7
1935-08,,,,,17.9,6.9,,,,,26.7,,,,,,,,,,,,13.9
1935-09,,,,,17.9,6.8,,,,,28.1,,,,,,,,,,,,13.9
1935-10,,,,,17.9,6.7,,,,,29.1,,,,,,,,,,,,13.9
1935-11,,,,,17.9,6.6,,,,,26.2,,,,,,,,,,,,13.9
1935-12,,,,,17.9,6.7,,,,,25.8,,,,,,,,,,,,14
1936-01,,,,,17.8,6.8,,,,,26.6,,,,,,,,,,,,13.9
1936-02,,,,,17.8,6.8,,,,,26.3,,,,,,,,,,,,13.9
1936-03,,,,,17.6,7,,,,,25.4,,,,,,,,,,,,13.7
1936-04,,,,,17.6,7.1,,,,,24.9,,,,,,,,,,,,13.7
1936-05,,,,,17.5,7.1,,,,,23.8,,,,,,,,,,,,13.5
1936-06,,,,,17.5,7.1,,,,,24.6,,,,,,,,,,,,13.7
1936-07,,,,,17.4,7,,,,,29.9,,,,,,,,,,,,13.9
1936-08,,,,,17.3,7,,,,,34.5,,,,,,,,,,,,14
1936-09,,,,,17.3,7,,,,,34.4,,,,,,,,,,,,14
1936-10,,,,,17.4,7.1,,,,,34.4,,,,,,,,,,,,14
1936-11,,,,,17.3,7.1,,,,,34.7,,,,,,,,,,,,14.2
1936-12,,,,,17.4,7.4,,,,,36.7,,,,,,,,,,,,14.5
1937-01,,,,,17.4,7.8,,,,,38.1,,,,,,,,,,,,14.8
1937-02,,,,,17.6,8.3,,,,,37.6,,,,,,,,,,,,14.9
1937-03,,,,,17.6,8.6,,,,,38.1,,,,,,,,,,,,15.1
1937-04,,,,,17.6,8.6,,,,,40.1,,,,,,,,,,,,15.2
1937-05,,,,,17.6,8.5,,,,,38.3,,,,,,,,,,,,15.1
1937-06,,,,,17.6,8.3,,,,,35.5,,,,,,,,,,,,15
1937-07,,,,,17.8,8.1,,,,,35.4,,,,,,,,,,,,15.2
1937-08,,,,,17.5,8,,,,,31,,,,,,,,,,,,15.1
1937-09,,,,,17.5,8,,,,,31,,,,,,,,,,,,15.1
1937-10,,,,,17.4,7.8,,,,,25.9,,,,,,,,,,,,14.7
1937-11,,,,,17.4,7.5,,,,,23.3,,,,,,,,,,,,14.4
1937-12,,,,,17.4,7.2,,,,,24.1,,,,,,,,,,,,14.1
1938-01,,,,,17.4,7.1,,,,,25.3,,,,,,,,,,,,14
1938-02,,,,,17.4,7.1,,,,,24.6,,,,,,,,,,,,13.8
1938-03,,,,,17.3,7.1,,,,,23.2,,,,,,,,,,,,13.7
1938-04,,,,,17.3,7,,,,,22.2,,,,,,,,,,,,13.5
1938-05,,,,,17.2,7,,,,,21.1,,,,,,,,,,,,13.5
1938-06,,,,,17.2,6.8,,,,,21.1,,,,,,,,,,,,13.5
1938-07,,,,,17.2,6.8,,,,,19.6,,,,,,,,,,,,13.6
1938-08,,,,,17.1,7,,,,,18,,,,,,,,,,,,13.4
1938-09,,,,,17.1,7.1,,,,,17.9,,,,,,,,,,,,13.5
1938-10,,,,,17.1,7.1,,,,,17.1,,,,,,,,,,,,13.4
1938-11,,,,,17,7.2,,,,,17.1,,,,,,,,,,,,13.4
1938-12,,,,,17,7.4,,,,,18.3,,,,,,,,,,,,13.3
1939-01,,,,,17,7.4,10,,,,19,,,,,,,,,,,,13.3
1939-02,,,,,16.9,7.4,10,,,,18.4,,,,,,,,,,,,13.3
1939-03,,,,13.6,16.8,7.4,10,,,,18.3,,,,,,,,,,,,13.2
1939-04,,,,,16.8,7.4,10,,,,18.6,,,,,,,,,,,,13.1
1939-05,,,,,16.8,7.3,9.9,,,,20.1,,,,,,,,,,,,13.1
1939-06,,,,13,16.7,7.2,9.9,,,,19.6,,,,,,,,,,,,13
1939-07,,,,,16.7,7.2,9.8,,,,17.6,,,,,,,,,,,,13
1939-08,,,,12.8,16.7,7.3,9.8,,,,17.4,,,,,,,,,,,,12.9
1939-09,,,,14.7,16.8,7.6,9.8,,,,21.9,,,,,,,,,,,,13.6
1939-10,,,,,17,8,9.9,,,,20.8,,,,,,,,,,,,13.7
1939-11,,,,,17,8.1,9.9,,,,21.6,,,,,,,,,,,,13.6
1939-12,,,,11.8,17,8,9.9,,,,24.2,,,,,,,,,,,,13.7
1940-01,,,,,17,8,9.9,,,,24.8,,,,,,,,,,,,13.7
1940-02,,,,,17,7.9,9.9,,,,24.5,,,,,,,,,,,,13.6
1940-03,,,,11.8,17,7.9,9.9,,,,24.8,,,,,,,,,,,,13.5
1940-04,,,,,16.9,7.8,9.8,,,,26,,,,,,,,,,,,13.5
1940-05,,,,,17,7.8,9.9,,,,23.9,,,,,,,,,,,,13.5
1940-06,,,,12.6,17,7.7,9.9,,,,21.7,,,,,,,,,,,,13.4
1940-07,,,,,16.9,7.7,9.9,,,,20.5,,,,,,,,,,,,13.4
1940-08,,,,,16.8,7.9,9.9,,,,20,,,,,,,,,,,,13.4
1940-09,,,,14.6,16.8,8.7,9.9,,,,20.8,,,,,,,,,,,,13.4
1940-10,,,,,16.9,9.3,9.9,,,,22,,,,,,,,,,,,13.6
1940-11,,,,,17,9.5,9.9,,,,22.8,,,,,,,,,,,,13.7
1940-12,,,,13.8,17,9.6,9.9,,,,22.5,,,,,,,,,,,,13.8
1941-01,,,,,17,9.6,9.9,,,,22.8,,,,,,,,,,,,13.9
1941-02,,,,,17.1,9.5,9.9,,,,21.7,,,,,,,,,,,,13.9
1941-03,,,,14.6,17.1,9.4,9.9,,,,22.8,,,,,,,,,,,,14
1941-04,,,,,17.2,9.4,9.9,,,,23.9,,,,,,,,,,,,14.4
1941-05,,,,,17.3,9.4,10,,,,25.1,,,,,,,,,,,,14.6
1941-06,,,,15.8,17.3,9.5,10,,,,25.6,,,,,,,,,,,,15
1941-07,,,,,17.4,9.9,10,,,,25.7,,,,,,,,,,,,15.3
1941-08,,,,,17.4,10.3,10,,,,26.8,,,,,,,,,,,,15.6
1941-09,,,,17.7,17.6,10.5,10,,,,28.7,,,,,,,,,,,,15.8
1941-10,,,,,17.6,10.5,10,,,,27.4,,,,,,,,,,,,15.9
1941-11,,,,,17.6,10.4,10,,,,28.4,,,,,,,,,,,,15.9
1941-12,,,,16.8,17.6,10.5,10,,,,30.6,,,,,,,,,,,,16.2
1942-01,,,,,18.9,10.6,10,,,,32.3,,,,,,,,,,,,16.5
1942-02,,,,,19.2,10.7,10,,,,32.1,,,,,,,,,,,,16.7
1942-03,,,,18.5,19.2,10.7,10,,,,31.6,,,,,,,,,,,,16.8
1942-04,,,,,19.2,10.7,10,,,,30.8,,,,,,,,,,,,17
1942-05,,,,,19.2,10.6,10,,,,31.1,,,,,,,,,,,,17
1942-06,,,,20,19.2,10.6,10,,,,29.9,,,,,,,,,,,,17
1942-07,,,,,19.2,10.7,10,,,,30,,,,,,,,,,,,17
1942-08,,,,,19.2,10.7,10,,,,30.3,,,,,,,,,,,,17.1
1942-09,,,,20.4,19.2,10.7,10,,,,31.5,,,,,,,,,,,,17.2
1942-10,,,,,19.2,10.5,10,,,,30.8,,,,,,,,,,,,17.2
1942-11,,,,,19.2,10.9,10,,,,31.2,,,,,,,,,,,,17.3
1942-12,,,,20.2,19.1,10.9,10,,,,33.9,,,,,,,,,,,,17.4
1943-01,,,,,19.3,10.9,10,,,,36.1,,,,,,,,,,,,17.5
1943-02,,,,,19.3,11,10,,,,36.6,,,,,,,,,,,,17.7
1943-03,,,,20.6,19.2,11,10,,,,37.8,,,,,,,,,,,,17.8
1943-04,,,,,19.2,11,10,,,,37.8,,,,,,,,,,,,17.9
1943-05,,,,,19.2,11.2,10,,,,38.1,,,,,,,,,,,,17.9
1943-06,,,,19.6,19.2,11.2,10,,,,38.3,,,,,,,,,,,,17.9
1943-07,,,,,19.2,11.3,10,,,,39.1,,,,,,,,,,,,17.8
1943-08,,,,,19.2,11.7,10,,,,39.4,,,,,,,,,,,,17.8
1943-09,,,,18.5,19.2,11.8,10,,,,40.3,,,,,,,,,,,,17.8
1943-10,,,,,19.2,11.9,10,,,,41.3,,,,,,,,,,,,17.8
1943-11,,,,,19.2,12,10,,,,41.5,,,,,,,,,,,,17.7
1943-12,,,,18.5,19.2,12,10,,,,43.2,,,,,,,,,,,,17.8
1944-01,,,,,19.2,12,10,,,,43.6,,,,,,,,,,,,17.8
1944-02,,,,,19.2,12.1,10,,,,43.6,,,,,,,,,,,,17.8
1944-03,,,,18.5,19.2,12.2,10,,,,43.6,,,,,,,,,,,,17.9
1944-04,,,,,19.2,12.5,10,,,,43.6,,,,,,,,,,,,17.9
1944-05,,,,,19.2,12.5,10,,,,43.7,,,,,,,,,,,,17.9
1944-06,,,,18.5,19.2,12.5,10,,,,42.8,,,,,,,,,,,,18
1944-07,,,,,19.2,12.5,10,,,,42.2,,,,,,,,,,,,17.9
1944-08,,,,,19.2,12.5,10,,,,41.3,,,,,,,,,,,,17.9
1944-09,,,,18.6,19.1,12.5,10,,,,41,,,,,,,,,,,,17.9
1944-10,,,,,19.1,12.5,10,,,,42.2,,,,,,,,,,,,17.9
1944-11,,,,,19,12.5,10,,,,42,,,,,,,,,,,,18
1944-12,,,,18.7,19,12.5,10,,,,43,,,,,,,,,,,,18
1945-01,,,,,19,12.5,10.1,,,,43.6,,,,,,,,,,,,18.1
1945-02,,,,,19,12.5,10.1,,,,43.7,,,,,,,,,,,,18.1
1945-03,,,,18.7,19,12.5,10.1,,,,43.7,,,,,,,,,,,,18.1
1945-04,,,,,19,12.5,10.1,,,,43.9,,,,,,,,,,,,18.2
1945-05,,,,,19,12.5,10.2,,,,43.5,,,,,,,,,,,,18.3
1945-06,,,,18.7,19.1,12.5,10.3,,,,43.8,,,,,,,,,,,,18.3
1945-07,,,,,19.1,12.5,10.3,,,,43.3,,,,,,,,,,,,18.3
1945-08,,,,,19.1,12.5,10.3,,,,42.5,,,,,,,,,,,,18.2
1945-09,,,,18.7,19.1,12.5,10.3,,,,42.7,,,,,,,,,,,,18.1
1945-10,,,,,19.2,12.5,10.3,,,,43.8,,,,,,,,,,,,18.2
1945-11,,,,,19.3,12.5,10.3,,,,44.8,,,,,,,,,,,,18.4
1945-12,,,,18.7,19.3,12.8,10.3,,,,44.9,,,,,,,,,,,,18.4
1946-01,,,,18.7,19.3,12.8,10.3,,,,45,,,,,,,,,,,,18.4
1946-02,,,,18.7,19.3,12.9,10.8,,,,45.1,,,,,,,,,,,,18.5
1946-03,,,,19.1,19.3,13.6,11.2,,,,46,,,,,,,,,,,,18.8
1946-04,,,,19.2,19.3,13.9,11.2,,,,46.1,,,,,,,,,,,,19
1946-05,,,,19.2,19.5,14,11.2,,,,49.9,,,,,,,,,,,,19.1
1946-06,,,,19.2,19.5,14.2,11.2,,,,51.1,,,,,,,,,,,,19.4
1946-07,,,,30.4,19.6,14.4,11.2,,,,61,,,,,,,,,,,,21.5
1946-08,,,,31.7,19.6,14.4,11.2,,,,56.9,,,,,,,,,,,,22.2
1946-09,,,,22.5,19.6,14.4,11.3,,,,57.4,,,,,,,,,,,,21.4
1946-10,,,,29.3,19.7,14.4,11.3,,,,58.7,,,,,,,,,,,,23.1
1946-11,,,,34.6,21.2,15.5,11.3,,,,55.7,,,,,,,,,,,,24.1
1946-12,,,,32.8,22.2,18.4,11.5,,,,54.9,,,,,,,,,,,,24.3
1947-01,28.5,,9.4,32.2,22.5,20.6,12.6,,45.3,7.3,54.8,,,,,,,,,,,,24.5
1947-02,28.5,,9.5,33.4,22.7,21.1,12.6,,42,7.3,57.7,,,,,,,,,,,,24.7
1947-03,28.5,,10.2,35.1,23,22,12.6,,50.8,8,68.9,,,,,,,,,,,,25.3
1947-04,28.4,,10.8,33.6,23.6,22.7,12.6,,47.5,8.4,67.9,,,,,,,,,,,,25.1
1947-05,28.5,,10.8,34.4,23.3,22.7,12.6,,48.7,8.4,69.1,,,,,,,,,,,,25
1947-06,28.6,,10.8,35.5,23.4,22.6,12.6,,52.8,8.4,69.1,,,,,,,,,,,,25
1947-07,28.7,,11,36.2,23.2,22.8,12.7,,57.3,8.5,67.5,,,,,,,,,,,,25.3
1947-08,29.6,,11.3,37.7,22.8,23.2,13.6,,58.4,8.5,70,,,,,,,,,,,,25.6
1947-09,30.2,,11.3,40.4,23,23.9,13.6,,65.4,8.6,77.2,,,,,,,,,,,,26.1
1947-10,30.3,,11.4,38.7,23.6,24.2,13.6,,63.8,9,81.4,,,,,,,,,,,,26.4
1947-11,30.3,,11.8,36.6,24.1,24.9,13.6,,63.3,9.3,83.2,,,,,,,,,,,,26.7
1947-12,30.5,,12.3,37.9,24.2,25.4,13.7,,67.9,10.9,85.5,,,,,,,,,,,,27.2
1948-01,30.6,,12.9,41,24.5,25.6,13.9,,74.2,11.5,86.9,,,,,,,,,,,,27.7
1948-02,30.6,,13.1,38.2,24.7,25.8,14.1,,61.1,11.5,74.3,,,,,,,,,,,,27.2
1948-03,30.6,,13.1,39.9,24.8,26,14.2,,60.2,11.5,73.5,,,,,,,,,,,,27.2
1948-04,30.6,,13.1,41.7,24.9,26,14.2,,60.9,11.5,73.5,,,,,,,,,,,,27.4
1948-05,30.6,,13.1,43.5,24.8,26.4,14,,58.7,11.5,72.1,,,,,,,,,,,,27.5
1948-06,31.8,,13.1,43.8,24.8,26.4,14,,60.3,11.5,69.9,,,,,,,,,,,,27.7
1948-07,32.6,,13.1,45.9,25.2,26.5,14.4,,55.4,11.5,63.6,,,,,,,,,,,,28
1948-08,33.6,,13.1,46.3,24.9,26.7,15.8,,47.7,11.5,60.1,,,,,,,,,,,,28.2
1948-09,33.8,,13.2,45.9,24.8,26.5,15.8,,48.5,11.5,59.3,,,,,,,,,,,,28.1
1948-10,33.9,,13.5,42.1,24.9,26.2,15.9,,44.9,11.5,57.5,,,,,,,,,,,,27.8
1948-11,34,,13.5,39.5,24.4,25.8,16,,50,11.5,57.9,,,,,,,,,,,,27.8
1948-12,34.3,,13.5,38,24.1,25.5,16,,50.5,11.5,57.9,,,,,,,,,,,,27.6
1949-01,34.3,,13.6,36.6,23.9,25.2,16.2,,49.5,11.4,56.8,,,,,,,,,,,,27.3
1949-02,34.7,,13.4,35,23.3,24.9,16.2,,45.2,11.4,53.6,,,,,,,,,,,,26.8
1949-03,34.7,,13.4,36.6,23,24.7,16.2,,47.4,11.4,55.5,,,,,,,,,,,,26.8
1949-04,34.6,,13.5,37.1,22.6,24.4,16.2,,50.5,11.4,55.9,,,,,,,,,,,,26.5
1949-05,34.5,,13.4,37.6,22.5,24,16.1,,48.7,11.4,54.6,,,,,,,,,,,,26.3
1949-06,34.3,,13.5,38.1,22.4,23.6,16,,48.8,11.3,52.4,,,,,,,,,,,,26
1949-07,34.5,,13.5,37.4,22.5,23.3,16,,52.6,11.3,52,,,,,,,,,,,,26
1949-08,34.5,,13.5,36.7,22.5,22.9,16,,56,11.3,51.3,,,,,,,,,,,,26
1949-09,34.5,,13.5,38,22.4,23,16,,49.8,11.3,53.5,,,,,,,,,,,,26.1
1949-10,34.4,,13.4,36.2,22.3,23.3,16,,47.5,11.3,53.4,,,,,,,,,,,,26
1949-11,34.3,,13.1,35.1,22.2,23.6,16,,45.7,11.3,53.7,,,,,,,,,,,,26
1949-12,34.4,,13,34,22.2,23.9,16.5,,46.5,11.3,55,,,,,,,,,,,,25.9
1950-01,34.3,,12.9,34.2,22.3,24.3,16.8,,44.7,11.3,54.8,,,,,,,,,,,,25.9
1950-02,34.2,,12.9,35.6,22.3,24.9,16.8,,43.8,11.3,55.2,,,,,,,,,,,,26.1
1950-03,34.1,,13,35.2,22.2,25.5,16.8,,47.2,11.3,56.7,,,,,,,,,,,,26.1
1950-04,34.1,,13,35.4,22.4,25.9,16.8,,49.4,11.3,57.9,,,,,,,,,,,,26.1
1950-05,34.1,,13.6,38.7,22.4,27,16.9,,53.7,11.3,58.9,,,,,,,,,,,,26.4
1950-06,34.1,,13.8,40,22.7,27.6,16.9,,50.1,11.3,57.4,,,,,,,,,,,,26.6
1950-07,34.1,,14,43.3,23.1,28.4,16.9,,56.7,11.3,58.8,,,,,,,,,,,,27.3
1950-08,34.3,,14.1,43.1,23.7,29.6,16.9,,49.2,11.3,56.9,,,,,,,,,,,,27.9
1950-09,34.4,,14.2,43.2,24.8,30.7,16.9,,47.7,11.3,56.6,,,,,,,,,,,,28.4
1950-10,34.4,,14.2,40,26.1,30.2,17,,45.5,11.4,56.6,,,,,,,,,,,,28.6
1950-11,34.4,,14.2,40,26.3,30.1,17,,47.9,11.4,58.5,,,,,,,,,,,,29
1950-12,34.9,,14,41.8,27.5,30.2,18.1,,50.2,11.4,61.5,,,,,,,,,,,,29.7
1951-01,34.9,,14.3,43.4,28.3,30.6,18.3,,51.4,11.4,63.7,,,,,,,,,,,,30.5
1951-02,35.1,,14.3,45.6,28.4,30.8,18.3,,52.7,11.4,65.5,,,,,,,,,,,,30.9
1951-03,35.9,,14.4,45.4,28.4,30.9,18.3,,52.9,11.4,64.2,,,,,,,,,,,,30.9
1951-04,35.9,,14.4,45.5,28.5,30.9,18.3,,54.4,11.4,64.2,,,,,,,,,,,,30.8
1951-05,35.9,,14.4,45.9,28.5,30.8,18.3,,51.7,11.4,63,,,,,,,,,,,,30.7
1951-06,35.9,,14.4,45.7,28.5,30.3,18.3,,51.4,11.4,60.7,,,,,,,,,,,,30.5
1951-07,36,,14.4,45.7,28.4,30,18.3,,52.4,11.4,60.4,,,,,,,,,,,,30.3
1951-08,36.1,,14.4,46.2,28.4,29.7,18.3,,51.2,11.4,61.4,,,,,,,,,,,,30.1
1951-09,36.5,,14.4,46.5,28.4,29.5,18.3,,53.8,11.4,61.9,,,,,,,,,,,,30.1
1951-10,37.1,,14.4,47,28.5,29.5,18.3,,55.8,11.4,64.8,,,,,,,,,,,,30.1
1951-11,37.2,,14.4,45.2,28.5,29.5,18.4,,57.9,11.4,66.5,,,,,,,,,,,,30.1
1951-12,37.3,,14.3,44,28.4,29.4,18.4,,58.8,11.4,67.3,,,,,,,,,,,,30.1
1952-01,37.4,,14.3,43.8,27.8,29.3,18.4,,60.2,11.4,66.3,,,,,,,,,,,,30
1952-02,38.4,,14.3,42.9,27.7,29.4,18.4,,60.7,11.4,65.2,,,,,,,,,,,,29.8
1952-03,38.4,,14.4,43,27.5,29.4,18.4,,58.5,11.4,65.3,,,,,,,,,,,,29.8
1952-04,38.3,,14.2,42.5,27.5,29.6,18.4,,58.9,11.4,64.6,,,,,,,,,,,,29.6
1952-05,38.3,,14.3,43.7,27.1,29.5,18.4,,57.9,11.4,63.3,,,,,,,,,,,,29.6
1952-06,38.3,,14.4,43,27.1,29.3,18.3,,57.7,11.4,61.1,,,,,,,,,,,,29.5
1952-07,38.3,,14.4,43.2,27,29.4,18.3,,54.9,11.4,60.8,,,,,,,,,,,,29.6
1952-08,38.3,,14.4,44,27,29.4,19.2,,58.5,11.4,62.1,,,,,,,,,,,,29.8
1952-09,38.3,,14.4,42.4,26.9,29.4,19.3,,57.9,11.4,62.1,,,,,,,,,,,,29.6
1952-10,38.3,,14.4,40.4,26.8,29.3,19.2,,57.9,11.4,60.8,,,,,,,,,,,,29.5
1952-11,38.3,,14.3,38.8,26.5,29.3,19.2,,55.2,11.4,61.8,,,,,,,,,,,,29.3
1952-12,38.3,,14.3,35.6,26.4,29.2,19.2,,54.6,11.4,61.5,,,,,,,,,,,,29.1
1953-01,38.3,,14.3,37.8,26.5,29.3,19.2,,52.3,11.4,60.6,,,,,,,,,,,,29.1
1953-02,38.3,,14.4,37.4,26.6,29.3,19.2,,50.5,11.7,59.7,,,,,,,,,,,,29.1
1953-03,38.4,,14.6,34.5,26.8,29.5,19.2,,50.8,11.7,60.7,,,,,,,,,,,,29.2
1953-04,38,,14.6,33.7,27.5,29.7,19.2,,47.4,11.7,60.1,,,,,,,,,,,,29
1953-05,38,,14.7,35.4,27.8,29.5,19.7,,48.7,11.7,59.8,,,,,,,,,,,,29.1
1953-06,37.9,,14.7,34.9,28.1,29.4,20.1,,44.7,12.7,54,,,,,,,,,,,,29
1953-07,37.9,,15.6,37,28.3,29.3,20.9,,44.2,12.7,54.7,,,,,,,,,,,,29.4
1953-08,37.9,,15.6,35.3,28.3,29.1,20.9,,45.4,12.7,55.4,,,,,,,,,,,,29.3
1953-09,37.9,,15.6,37.2,28.3,28.9,20.9,,43.6,12.7,56.6,,,,,,,,,,,,29.4
1953-10,37.9,,15.6,33.2,28.2,28.6,20.9,,43.3,12.6,56.3,,,,,,,,,,,,29.2
1953-11,37.9,,15.5,32.2,28.1,28.4,20.9,,42.1,12.6,57.2,,,,,,,,,,,,29.1
1953-12,37.9,,15.2,33.7,27.9,28.4,20.9,,49.3,12.6,58,,,,,,,,,,,,29.2
1954-01,38,,15,36.5,27.9,28.3,20.9,,50.2,12.6,58.5,,,,,,,,,,,,29.4
1954-02,38,,14.7,35.3,27.9,28.2,20.8,,52,12.6,58.7,,,,,,,,,,,,29.3
1954-03,38,,14.3,35.2,27.8,28.2,20.8,,54,12.6,59.6,,,,,,,,,,,,29.3
1954-04,38,,14.6,35.9,27.7,28.1,20.8,,59.4,12.6,59.5,,,,,,,,,,,,29.4
1954-05,38,,14.6,37.9,27.6,28.1,20.8,,58.3,12.6,58.4,,,,,,,,,,,,29.4
1954-06,38,,14.5,35.5,27.5,28.2,20.8,,53.8,12.6,55.4,,,,,,,,,,,,29.2
1954-07,38,,14.1,36.1,27.6,28.9,21.4,,52.5,12.6,56.4,,,,,,,,,,,,29.3
1954-08,38,,14.2,34.9,27.7,28.9,21.4,,50.9,12.6,58.4,,,,,,,,,,,,29.3
1954-09,38,,14.2,34.8,27.7,29,21.4,,47.6,12.6,60,,,,,,,,,,,,29.2
1954-10,37.9,,14,32.6,27.7,29.2,21.4,,45.1,12.6,59.5,,,,,,,,,,,,29.1
1954-11,38.7,,14,32.8,27.7,29.2,21.4,,45.4,12.6,59.9,,,,,,,,,,,,29.2
1954-12,39,,14,32.4,27.7,29.2,21.4,,46.4,12.6,59.2,,,,,,,,,,,,29
1955-01,39,,14.1,33,27.6,29.3,21.4,,45.3,12.6,59.9,,,,,,,,,,,,29.2
1955-02,38.9,,14,32.7,27.7,29.6,21.4,,45.9,12.6,59.7,,,,,,,,,,,,29.3
1955-03,38.9,,14,30.8,27.7,29.7,21.4,,44.3,12.6,59,,,,,,,,,,,,29.2
1955-04,39,,14,32.2,27.8,30,21.4,,42.8,12.6,58.3,,,,,,,,,,,,29.3
1955-05,39.1,,14.2,32.2,27.7,30.3,21.4,,40.1,12.6,59.2,,,,,,,,,,,,29.1
1955-06,39.1,,14.2,34.5,27.7,30.4,21.4,,37.8,12.6,57.9,,,,,,,,,,,,29.3
1955-07,39.1,,14.2,33.2,27.9,30.5,22.7,,39.5,12.6,55.5,,,,,,,,,,,,29.3
1955-08,39.1,,14.4,31.9,27.8,30.9,22.8,,38.3,12.6,50.4,,,,,,,,,,,,29.4
1955-09,39.1,,14.6,32.6,27.9,31,22.8,,38.8,12.6,52.2,,,,,,,,,,,,29.6
1955-10,39.9,,14.7,30.4,28,31,22.9,,39.9,12.6,52.8,,,,,,,,,,,,29.6
1955-11,40.5,,14.7,28.5,28.1,30.9,22.9,,36.3,12.6,51.1,,,,,,,,,,,,29.5
1955-12,40.5,,14.7,27.5,28.1,30.8,22.9,,36.8,12.6,53,,,,,,,,,,,,29.5
1956-01,40.5,,14.7,27.3,28.3,31.2,23,,37.3,12.6,52.2,,,,,,,,,,,,29.7
1956-02,40.8,,14.6,27.7,28.3,31.3,23.2,,36.4,12.6,53.1,,,,,,,,,,,,29.8
1956-03,41.3,,14.4,26.9,28.3,31.7,23.2,,35.9,12.6,54.1,,,,,,,,,,,,29.9
1956-04,41.3,,14.7,29.3,28.5,31.9,23.2,,39.8,12.6,57.3,,,,,,,,,,,,30.1
1956-05,41.3,,14.9,30.4,28.4,31.9,23.3,,43.7,12.6,57.9,,,,,,,,,,,,30.3
1956-06,41.3,,14.9,31,28.5,31.6,23.4,,40.6,12.7,55.7,,,,,,,,,,,,30.3
1956-07,41.3,,15,31,28.8,31.4,23.4,,38.9,12.7,56.6,,,,,,,,,,,,30.2
1956-08,41.3,,14.9,31.8,28.8,31,24.9,,38.5,12.7,56.9,,,,,,,,,,,,30.4
1956-09,41.4,,14.8,33.8,28.7,30.6,24.9,,37.2,12.7,58.1,,,,,,,,,,,,30.6
1956-10,41.8,,14.7,32.3,28.9,30.2,24.9,,36.4,12.7,53.8,,,,,,,,,,,,30.6
1956-11,42.9,,14.4,30.8,28.8,30.1,24.9,,38.4,12.7,56.3,,,,,,,,,,,,30.7
1956-12,43,,14.7,30.4,28.8,29.9,24.9,,38.8,12.8,56.9,,,,,,,,,,,,30.8
1957-01,43,,15.1,31.6,29.1,30,25.3,,39.8,13.2,57.3,,,,,,,,,,,,31
1957-02,43.1,,15.8,31.3,29,29.8,25.6,,38.9,14,55.8,,,,,,,,,,,,31
1957-03,43.1,,15.8,31.4,29,29.6,25.7,,38.5,14,56,,,,,,,,,,,,31
1957-04,43.1,,15.8,33.1,29.1,29.6,25.7,,38,14,55.9,,,,,,,,,,,,31.1
1957-05,43.1,,15.7,34.7,29.1,29.4,25.8,,35.9,14,54.7,,,,,,,,,,,,31
1957-06,43.1,,15.6,36.9,29.2,29.4,25.8,,33.9,14,53.7,,,,,,,,,,,,31.1
1957-07,43.1,,15.3,37.9,29.1,29.3,26.9,,35.3,14,53,,,,,,,,,,,,31.3
1957-08,43.1,,15.3,37.4,29.1,29.2,26.9,,36.4,14,52.8,,,,,,,,,,,,31.4
1957-09,43.1,,15.5,36.5,29.1,28.9,26.9,,35.5,14,52,,,,,,,,,,,,31.3
1957-10,43.4,,15.3,34.8,29.1,28.7,26.9,,33.7,14,51.6,,,,,,,,,,,,31.2
1957-11,44.3,,15,35.6,29.1,28.6,26.9,,32.8,14,51.8,,,,,,,,,,,,31.3
1957-12,44.5,,15,36.3,29.2,28.4,26.9,,33.2,14,51.6,,,,,,,,,,,,31.4
1958-01,44.5,,15,38.9,29.2,28.5,26.9,,34.2,14,50.6,,,,,,,,,,,,31.5
1958-02,44.5,,14.4,39.1,29.1,28.3,26.9,,35.1,14,51.2,,,,,,,,,,,,31.5
1958-03,44.5,,14.2,40.5,29.2,28.3,26.9,,39.9,14,52.7,,,,,,,,,,,,31.7
1958-04,44.4,,14.1,42.1,29.3,28.3,26.9,,43.2,14,54.9,,,,,,,,,,,,31.6
1958-05,44.4,,13.9,43.7,29.2,28.5,26.9,,41.7,14,54,,,,,,,,,,,,31.7
1958-06,44.4,,14.1,44.3,29.1,28.5,26.9,,39.2,14,52.1,,,,,,,,,,,,31.6
1958-07,44.4,,14.5,43.5,29,28.5,26.9,,42.6,13.9,51.1,,,,,,,,,,,,31.6
1958-08,44.4,,14.9,42,28.9,29.1,27.6,,41,13.9,49.5,,,,,,,,,,,,31.6
1958-09,44.4,,14.9,41.7,28.9,29.5,27.6,,38.2,13.9,48.7,,,,,,,,,,,,31.6
1958-10,44.7,,14.6,40.1,29.1,29.5,27.5,,36.9,13.9,49.2,,,,,,,,,,,,31.5
1958-11,45.7,,14.4,39.6,29.1,29.3,27.6,,38.8,13.9,48.2,,,,,,,,,,,,31.6
1958-12,45.8,,14.3,39,29.2,29.3,27.6,,46.2,13.9,48.7,,,,,,,,,,,,31.6
1959-01,45.8,,14.3,39.5,29.2,29.5,27.6,,46.1,13.7,48.7,,,,,,,,,,,,31.7
1959-02,45.8,,14.4,38.2,29.2,30.1,27.6,,43.9,13.5,49.3,,,,,,,,,,,,31.7
1959-03,45.8,,14.6,37.8,29.1,30.6,27.6,,42.5,13.5,49.8,,,,,,,,,,,,31.7
1959-04,45.8,,14.7,38.9,29.2,30.9,27.6,,44.3,13.6,51.1,,,,,,,,,,,,31.8
1959-05,45.8,,14.6,39.3,29.2,31.5,27.6,,40.9,13.6,50.4,,,,,,,,,,,,31.8
1959-06,45.8,,14.2,39.4,29.2,31.8,27.6,,36.9,13.6,50.1,,,,,,,,,,,,31.7
1959-07,45.8,,14.2,38.1,29.2,31.7,27.6,,38.6,13.6,50.1,,,,,,,,,,,,31.7
1959-08,45.8,,14.7,36.3,29.2,31.8,27.6,,37.8,13.6,49.8,,,,,,,,,,,,31.6
1959-09,45.8,,14.6,38.5,29.2,31.6,27.6,,34.5,13.4,48.8,,,,,,,,,,,,31.7
1959-10,45.4,,14.3,36.6,29.2,31.2,27.6,,37.6,13.4,48.5,,,,,,,,,,,,31.6
1959-11,45.3,,14,34.5,29.2,30.7,27.6,,39.4,13.4,49,,,,,,,,,,,,31.5
1959-12,45.3,,13.6,33.6,29.2,30.8,27.6,,39.6,13.4,48.7,,,,,,,,,,,,31.5
1960-01,45.3,,13.5,34.9,29.2,30.8,27.6,,40.4,13.4,49.5,,,,,,,,,,,,31.6
1960-02,45.3,,13.7,35.1,29.3,30.8,27.6,,38.6,13.4,49.1,,,,,,,,,,,,31.6
1960-03,45.3,,14.2,37,29.3,30.7,27.6,,39.1,13.4,50.1,,,,,,,,,,,,31.8
1960-04,45.3,,14.3,36.6,29.3,30.7,27.6,,40.4,13.4,50.9,,,,,,,,,,,,31.8
1960-05,45.3,,13.8,37.3,29.4,30.5,27.6,,36.3,13.4,49.8,,,,,,,,,,,,31.7
1960-06,45.3,,14.3,37.2,29.4,30.1,27.6,,36.1,13.4,49.6,,,,,,,,,,,,31.7
1960-07,45.3,,14.7,37.8,29.4,29.7,27.6,,36,13.4,48.4,,,,,,,,,,,,31.7
1960-08,45.3,,15,36.9,29.4,29.1,27.5,,35.1,13.4,47.6,,,,,,,,,,,,31.6
1960-09,43.3,,15.1,36.4,29.3,28.8,27.5,,36.2,13.4,48,,,,,,,,,,,,31.6
1960-10,44.9,,15.1,37.3,29.1,28.4,27.5,,35.4,13.4,47,,,,,,,,,,,,31.7
1960-11,44.9,,15,36.6,29.1,28.1,27.5,,35.7,13.4,45,,,,,,,,,,,,31.7
1960-12,45,,15,36.8,29.1,28.1,27.5,,37.4,13.4,46.6,,,,,,,,,,,,31.7
1961-01,45,,15.1,37.2,29,27.9,27.5,,39.9,13.4,48.2,,,,,,,,,,,,31.8
1961-02,44.9,,15,37.5,29,27.7,27.5,,39.6,13.4,48.7,,,,,,,,,,,,31.8
1961-03,44.8,,15,36.3,29,27.9,27.5,,40.7,13.4,49,,,,,,,,,,,,31.8
1961-04,44.9,,14.5,35.8,29,28.4,27.5,,41.4,13.5,47.3,,,,,,,,,,,,31.6
1961-05,44.9,,14.3,34.8,28.9,28.5,27.5,,42.9,13.5,47.9,,,,,,,,,,,,31.5
1961-06,44.8,,14.8,34.5,28.8,28.5,27.4,,40.1,13.5,47.5,,,,,,,,,,,,31.3
1961-07,44.8,,14.8,35.6,28.5,28.5,27.4,,39.9,13.5,49.8,,,,,,,,,,,,31.5
1961-08,44.8,,14.6,36.4,28.4,28.2,27.4,,39.7,13.5,50,,,,,,,,,,,,31.5
1961-09,44.7,,14.2,36.6,28.4,28.1,27.4,,39.7,13.5,50,,,,,,,,,,,,31.5
1961-10,44.8,,13.8,36.1,28.3,27.9,27.4,,38,13.5,49.9,,,,,,,,,,,,31.5
1961-11,44.7,,14.1,35.5,28.3,27.8,27.4,,41,13.5,50.8,,,,,,,,,,,,31.5
1961-12,44.7,,14.3,35.8,28.3,27.8,27.4,,42,13.5,50.6,,,,,,,,,,,,31.6
1962-01,44.7,,14.3,37.2,28.3,27.9,27.4,,42.4,13.5,50,,,,,,,,,,,,31.7
1962-02,44.6,,13.8,36.4,28.2,28.2,27.4,,41.6,13.5,49.7,,,,,,,,,,,,31.7
1962-03,44.5,,13.4,36.4,28.1,28.4,27.4,,41.6,13.5,50.1,,,,,,,,,,,,31.7
1962-04,44.6,,14.5,35.5,28.1,28.7,27.4,,41.8,13.5,50.6,,,,,,,,,,,,31.6
1962-05,44.5,,14.5,35.6,28.1,28.9,27.4,,41.8,13.5,51.9,,,,,,,,,,,,31.5
1962-06,44.5,,14.6,35.8,28,29,27.4,,41.4,13.5,51.4,,,,,,,,,,,,31.5
1962-07,44.5,,14.5,37.1,28,29.1,27.4,,42.9,13.5,51,,,,,,,,,,,,31.6
1962-08,44.5,,14.3,37.9,27.9,29,27.4,,42.6,13.5,50.5,,,,,,,,,,,,31.6
1962-09,44.5,,14.8,40.4,27.9,28.9,27.4,,43.9,13.5,50.7,,,,,,,,,,,,31.9
1962-10,44.3,,14.7,37.6,28,28.7,27.4,,43.6,13.5,50.6,,,,,,,,,,,,31.7
1962-11,44.3,,14.5,37.7,27.9,28.6,27.4,,44.4,13.5,51.2,,,,,,,,,,,,31.7
1962-12,44.3,,14.3,37.2,27.9,28.4,27.4,,44.7,13.5,52,,,,,,,,,,,,31.6
1963-01,44.3,,14.1,36.4,28,28.5,27.4,,45.7,13.5,52.4,,,,,,,,,,,,31.6
1963-02,44.3,,13.7,35.1,27.7,28.5,27.4,,45.7,13.5,53,,,,,,,,,,,,31.5
1963-03,44.2,,14.1,33.5,27.8,28.7,27.3,,45.2,13.5,53.3,,,,,,,,,,,,31.5
1963-04,44,,14.2,33,27.7,29,27.4,,43.2,13.5,54.1,,,,,,,,,,,,31.4
1963-05,44.2,,14.7,33.8,27.7,29.2,27.6,,43,13.5,52.9,,,,,,,,,,,,31.5
1963-06,43.9,,14.9,34.9,27.7,29.4,27.6,,43.3,13.5,52.2,,,,,,,,,,,,31.6
1963-07,44.2,,14.8,36.2,27.6,30.3,27.6,,44.9,13.5,51.2,,,,,,,,,,,,31.7
1963-08,44,,14.1,36,27.5,30.5,27.6,,45.5,13.5,50.6,,,,,,,,,,,,31.6
1963-09,43.9,,14.1,35.3,27.5,29.9,27.6,,46,13.5,52.9,,,,,,,,,,,,31.6
1963-10,44.2,,14,35,27.4,29.5,27.8,,45.5,13.4,52.3,,,,,,,,,,,,31.6
1963-11,44.3,,13.5,34,27.4,29.5,27.9,,45.3,13.4,51.6,,,,,,,,,,,,31.7
1963-12,44.3,,14,32.6,27.5,29.4,27.9,,46.2,13.4,52.3,,,,,,,,,,,,31.6
1964-01,44.2,,13.9,34,27.5,29.4,27.9,,46.5,13.4,53.4,,,,,,,,,,,,31.8
1964-02,44.2,,13.8,32.7,27.4,29.8,27.9,,45.3,13.4,52.4,,,,,,,,,,,,31.6
1964-03,44.2,,13.4,32.8,27.5,30.1,27.9,,44.5,13.4,51,,,,,,,,,,,,31.6
1964-04,44.2,,13.2,32.8,27.5,30.3,27.9,,44.3,13.4,53.1,,,,,,,,,,,,31.6
1964-05,44.2,,13.6,32.1,27.5,30.3,27.9,,42.7,13.4,53.1,,,,,,,,,,,,31.5
1964-06,44,,13.7,33.6,27.5,30.2,27.8,,42.4,13.4,46.2,,,,,,,,,,,,31.5
1964-07,44,,13.7,34.8,27.5,30.1,27.8,,42.8,13.4,44.1,,,,,,,,,,,,31.6
1964-08,43.9,,13.5,35,27.3,30,27.8,,42.6,13.4,44.1,,,,,,,,,,,,31.6
1964-09,43.8,,13,36.1,27.3,29.9,27.6,,43.9,13.4,46.4,,,,,,,,,,,,31.7
1964-10,43.9,,13.5,34.7,27.5,29.8,27.7,,44.5,13.4,45.7,,,,,,,,,,,,31.7
1964-11,43.9,,13.7,33,27.4,29.4,27.7,,43.4,13.4,45.2,,,,,,,,,,,,31.7
1964-12,43.9,,13.7,32.8,27.4,29.4,27.8,,45,13.4,46.3,,,,,,,,,,,,31.7
1965-01,43.9,,13.7,34,27.5,29.9,27.8,,44.5,13.4,46.5,,,,,,,,,,,,31.8
1965-02,43.9,,13.4,34,27.6,30.1,27.8,,44.2,13.4,46.6,,,,,,,,,,,,31.9
1965-03,43.9,,13.5,34.1,27.5,30.1,27.8,,44.1,13.4,46.6,,,,,,,,,,,,31.9
1965-04,43.9,,13.7,34.7,27.6,30,27.8,,44.6,13.4,46.9,,,,,,,,,,,,32
1965-05,43.9,,14,37,27.6,30,27.9,,43.6,13.4,46.8,,,,,,,,,,,,32.1
1965-06,43.9,,14.1,40.3,27.6,30,27.9,,45.1,13.4,46.1,,,,,,,,,,,,32.4
1965-07,43.9,,14.1,40.7,27.7,30.1,27.9,,45.9,13.4,45.5,,,,,,,,,,,,32.4
1965-08,43.9,,14.1,40.5,27.7,30.4,28,,45.2,13.4,45.4,,,,,,,,,,,,32.4
1965-09,43.8,,14.1,40.1,27.7,30.6,28,,45.1,13.4,45.9,,,,,,,,,,,,32.4
1965-10,43.8,,14.1,39.9,27.8,30.6,28,,44.9,13.4,45.6,,,,,,,,,,,,32.5
1965-11,43.8,,14.4,40.1,27.8,30.6,28,,46.3,13.4,45,,,,,,,,,,,,32.6
1965-12,43.7,,14.4,42.5,27.8,30.7,28.1,,45.8,13.4,46.3,,,,,,,,,,,,32.8
1966-01,43.7,,14.4,43,27.7,31,28.1,,47,13.4,47.5,,,,,,,,,,,,32.9
1966-02,43.7,,14.2,43.9,27.7,31.3,28.2,,48.2,13.4,47.8,,,,,,,,,,,,33.2
1966-03,43.6,,14.1,42.7,27.7,31.8,28.2,,46.2,13.4,46.7,,,,,,,,,,,,33.2
1966-04,43.5,,14.3,41.8,27.9,32.9,28.2,,46.1,13.4,46.9,,,,,,,,,,,,33.2
1966-05,43.5,,14.6,41.6,28,33.6,28.2,,47.6,13.4,48.1,,,,,,,,,,,,33.2
1966-06,43.4,,15.1,41.1,27.9,33.2,28.2,,47.9,13.5,48.8,,,,,,,,,,,,33.3
1966-07,43.4,,15,41.1,27.9,32.8,28.2,,51.2,13.5,53,,,,,,,,,,,,33.5
1966-08,43.3,,15.2,41.8,27.9,32.7,28.4,,51.6,13.5,54.3,,,,,,,,,,,,33.6
1966-09,43.1,,15.2,42.4,27.9,32.5,28.4,,51.1,13.5,53.8,,,,,,,,,,,,33.6
1966-10,43.9,,15.2,40.9,27.9,32,28.4,,49.5,13.6,50.9,,,,,,,,,,,,33.4
1966-11,43.9,,15.2,39.1,28,31.3,28.4,,49.6,13.6,50.4,,,,,,,,,,,,33.3
1966-12,43.9,,14.8,39.7,28.1,31,28.4,,51,13.6,52.2,,,,,,,,,,,,33.3
1967-01,43.9,,14.8,39.7,28.1,31,28.5,,51,13.6,51.8,,,,,,,,,,,,33.4
1967-02,43.9,,14.8,38.9,28.2,31.3,28.5,,48.7,13.6,49.3,,,,,,,,,,,,33.4
1967-03,43.8,,15,38,28.3,31.5,28.5,,48.2,13.6,51.4,,,,,,,,,,,,33.3
1967-04,43.8,,14.8,37.6,28.4,31.6,28.5,,47.5,13.6,50.5,,,,,,,,,,,,33.1
1967-05,43.7,,15.4,39.3,28.4,31.8,28.5,,45.9,13.6,50.4,,,,,,,,,,,,33.3
1967-06,43.6,,15.2,41.5,28.3,32,28.5,,47.3,13.6,49.4,,,,,,,,,,,,33.5
1967-07,43.6,,15.2,42.1,28.3,32.1,28.5,,47.6,13.6,47.6,,,,,,,,,,,,33.5
1967-08,43.6,,15.5,41.4,28.3,32.6,28.5,,46.2,13.7,44.3,,,,,,,,,,,,33.4
1967-09,43.8,,15.3,41.9,28.3,33.3,28.7,,47,13.7,44,,,,,,,,,,,,33.4
1967-10,44.9,,14.5,40.1,28.6,33,28.8,,46.6,13.7,44.5,,,,,,,,,,,,33.4
1967-11,44.9,,14.4,39.1,28.6,32.8,28.8,,45.9,13.7,41.8,,,,,,,,,,,,33.4
1967-12,45,,14.3,39.4,28.6,33.2,28.8,,46.2,13.7,43.9,,,,,,,,,,,,33.7
1968-01,45,,13.8,39.8,28.7,33.9,29.1,,46.5,13.7,43.7,,,,,,,,,,,,33.8
1968-02,45,,13.9,40.4,28.7,34.8,29.1,,46.2,13.7,44.4,,,,,,,,,,,,34
1968-03,45,,13.9,40.4,28.7,35.7,29.1,,46,13.7,43.8,,,,,,,,,,,,34.1
1968-04,44.8,,14.3,39.7,28.8,36.7,29.1,,45.3,13.7,43.6,,,,,,,,,,,,34.1
1968-05,44.7,,14.3,40.2,28.8,37.2,29.2,,45.5,13.7,44.4,,,,,,,,,,,,34.2
1968-06,44.8,,15,41.5,28.7,37.1,29.2,,46.2,13.7,42.2,,,,,,,,,,,,34.2
1968-07,44.7,,14.9,42.9,28.6,37.9,29.2,,46.2,13.8,41.2,,,,,,,,,,,,34.3
1968-08,44.7,,14.6,41.3,28.6,38.5,29.2,,45.8,13.8,38.6,,,,,,,,,,,,34.2
1968-09,44.5,,14.6,41.9,28.5,39,29.8,,45.4,13.8,39.4,,,,,,,,,,,,34.4
1968-10,45.7,,14.2,40.3,28.5,39.6,29.9,,45.4,13.8,40.5,,,,,,,,,,,,34.4
1968-11,45.7,,14.2,40.4,28.5,40.4,29.5,,45.3,13.8,42.2,,,,,,,,,,,,34.5
1968-12,45.6,,14.1,40.4,28.5,42.2,29.5,,45.7,13.8,41.3,,,,,,,,,,,,34.6
1969-01,45.5,,13.8,41.7,28.6,43.9,29.8,,45.7,13.8,42.4,,,,,,,,,,,,34.8
1969-02,45.4,,13.8,41.6,28.6,46.3,29.9,,45.4,13.8,42.2,,,,,,,,,,,,35
1969-03,45.5,,14.4,41.9,28.5,48.9,30.2,,44.7,14.3,42,,,,,,,,,,,,35.2
1969-04,45.5,,14.7,43.1,28.2,49,30.2,,45.8,14.5,42.7,,,,,,,,,,,,35.3
1969-05,45.5,,14.8,45.9,28.2,46.3,30.4,,44.4,14.5,44.6,,,,,,,,,,,,35.5
1969-06,45.5,,15.2,48.6,28.3,42.3,30.5,,45.2,14.5,44,,,,,,,,,,,,35.7
1969-07,45.4,,15.1,48.7,28.4,39.6,30.7,,45.9,14.5,43.1,,,,,,,,,,,,35.8
1969-08,45.2,,14.9,47.2,28.6,38.9,31.2,,45.7,14.5,42.1,,,,,,,,,,,,35.7
1969-09,45.1,,14.8,46.6,28.6,38.5,31.2,,46.1,14.5,42.9,,,,,,,,,,,,35.8
1969-10,46.4,,14.7,45.5,28.4,38,31.4,,46.4,14.5,43.6,,,,,,,,,,,,35.9
1969-11,46.6,,14.6,45.4,28.5,38.4,31.4,,46.2,14.5,42,,,,,,,,,,,,36.1
1969-12,46.6,,14.6,46,28.5,38.1,31.4,,47.1,14.5,42.6,,,,,,,,,,,,36.3
1970-01,46.6,,14.2,47.4,28.5,37.7,31.2,,51,14.5,44.2,,,,,,,,,,,,36.5
1970-02,46.5,,14.1,47.2,28.4,36.9,31.8,,50.9,14.5,44.2,,,,,,,,,,,,36.7
1970-03,46.6,,14,48.2,28.3,36.5,32,,46.1,14.5,44,,,,,,,,,,,,36.7
1970-04,46.6,,14.1,47.5,28.5,36.7,32.1,,46.9,14.5,45.1,,,,,,,,,,,,36.8
1970-05,46.6,,14.6,46.5,28.6,36.9,32.6,,46.3,14.5,45.5,,,,,,,,,,,,36.8
1970-06,46.6,,14.3,47.2,28.6,36.5,33.1,,46.9,14.5,45.9,,,,,,,,,,,,36.9
1970-07,46.5,,14.4,48.2,28.8,36.2,33.1,,49.3,14.3,45.9,,,,,,,,,,,,37.1
1970-08,46.5,,14.4,46.4,28.7,36.5,33.1,,49.5,14.3,45.9,,,,,,,,,,,,36.9
1970-09,46.6,,14.2,45.5,28.7,36.8,33.1,,50.7,14.3,51.7,,,,,,,,,,,,37.1
1970-10,49.3,,14.2,43.9,28.8,36.6,33.3,,49.4,14.3,49.4,,,,,,,,,,,,37.1
1970-11,49.4,,14.4,42.5,28.8,36.1,33.3,,50,14.3,49.4,,,,,,,,,,,,37.1
1970-12,49.3,,15.3,40.7,28.7,35.7,33.3,,51.7,15.4,51.2,,,,,,,,,,,,37.1
1971-01,49.6,,15.4,42.3,28.9,36.4,33.3,,51.1,15.6,52.6,,,,,,,,,,,,37.3
1971-02,49.7,,15.1,45.3,28.9,38.7,33.4,,49.7,15.6,53,,,,,,,,,,,,37.7
1971-03,49.6,,14.9,44.3,29,41.5,33.8,,50.8,15.6,51.4,,,,,,,,,,,,37.8
1971-04,49.7,,14.8,44.5,28.9,42.5,33.8,,49.4,15.6,50.7,,,,,,,,,,,,37.9
1971-05,49.7,,15.3,46,28.9,42.9,34.5,,49.5,15.6,50.8,,,,,,,,,,,,38.1
1971-06,49.7,,15.3,45.5,29,43.5,34.6,,50.9,15.6,51.9,,,,,,,,,,,,38.2
1971-07,49.8,,15.2,46.3,29.1,46.1,35.3,,50.6,15.6,48.6,,,,,,,,,,,,38.3
1971-08,49.8,,15.3,46.1,29,47.6,36.6,,49.6,15.6,44,,,,,,,,,,,,38.5
1971-09,49.2,,15.3,46.1,29.1,47.5,36.7,,48,15.6,42.2,,,,,,,,,,,,38.3
1971-10,50,,15.1,46.2,29.1,46.1,36.7,,46.7,15.6,41.9,,,,,,,,,,,,38.3
1971-11,50,,15.1,46.1,28.8,45.8,36.7,,47.5,15.6,41.6,,,,,,,,,,,,38.3
1971-12,51.2,,15.1,47.7,28.7,46.4,36.7,,49.5,15.6,45.3,,,,,,,,,,,,38.6
1972-01,51.3,,15.1,49.6,28.8,47.3,37.1,,49.1,15.4,44.6,,,,,,,,,,,,38.8
1972-02,51.3,,14.9,51.7,28.8,48.4,37.5,,49.1,15.4,44.1,,,,,,,,,,,,39.2
1972-03,51.3,,15,49.8,28.6,49,37.5,,51.4,15.4,44.5,,,,,,,,,,,,39.2
1972-04,51.3,,15.1,48.4,28.8,49.9,37.5,,51.3,15.4,45.5,,,,,,,,,,,,39.3
1972-05,51.2,,15.1,50.2,28.8,50.5,37.4,,51.3,15.4,46.2,,,,,,,,,,,,39.5
1972-06,51.2,,15.4,52.3,28.8,51.2,37.3,,51,15.4,44.8,,,,,,,,,,,,39.7
1972-07,51.2,,15.6,53.6,28.8,52,37.3,,52.5,15.4,45.7,,,,,,,,,,,,40
1972-08,51.2,,15.9,52.4,28.7,52.8,37.3,,52.9,15.6,47.3,,,,,,,,,,,,40.1
1972-09,51.2,,16.1,51.8,28.7,53.1,37.3,,55.8,15.6,51.9,,,,,,,,,,,,40.2
1972-10,50.3,,16.1,51.4,28.6,53.5,37.3,,55.1,15.6,51.8,,,,,,,,,,,,40.1
1972-11,50.4,,16.1,49.8,28.6,53.7,37.3,,61.7,15.6,53.9,,,,,,,,,,,,40.3
1972-12,51.1,,16.1,54.1,28.6,54,37.3,,77.4,15.6,65.3,,,,,,,,,,,,41.1
1973-01,51,,16.1,57.1,28.7,54.4,37.9,,78.7,15.6,64.3,,,,,,,,,,,,41.6
1973-02,51,,16.9,60.8,28.9,58.7,38,12.5,86.4,15.6,60.8,,,,,,,,,,,,42.4
1973-03,51.2,,17.1,65.2,28.9,63,38.1,12.7,86.3,15.7,59.8,,,,,,,,,,,,43.4
1973-04,51.4,,17.4,63.3,29.1,66.7,38.2,12.8,78.9,16,62.1,,,,,,,,,,,,43.6
1973-05,51.4,,17.8,63.2,29.1,69.3,38.4,13.3,100,16.6,71.1,,,,,,,,,,,,44.5
1973-06,51.3,,18.2,64.6,29.2,69.1,38.4,13.8,122,17.1,84.7,,,,,,,,,,,,45.5
1973-07,51.3,,18.5,66.2,29.3,67.4,38.4,14.4,93.3,17.2,74.6,,,,,,,,,,,,44.9
1973-08,51.2,,18.6,76.6,29.4,67.8,38.4,14.5,123.9,17.2,126.3,,,,,,,,,,,,47.5
1973-09,50.8,,18.6,72.5,29.6,69.8,38.4,14.7,90,18.2,109.8,,,,,,,,,,,,46.7
1973-10,51.7,,18.9,65.3,29.9,69,38.7,15,87.3,18.2,108.6,,,,,,,,,,,,46.3
1973-11,51.7,,19.8,63.7,29.9,67.9,38.7,15.8,86.8,19,104.7,,,,,,,,,,,,46.5
1973-12,52.5,,21,64,30,69.1,38.7,17.2,95.1,19.9,117.9,,,,,,,,,,,,47.4
1974-01,53.2,,22.6,71,30.7,68.6,39.5,19.8,96.2,24.3,128.4,,,,,,,,,,,,49
1974-02,53.2,,24.2,69.9,31.3,68.4,39.8,23.4,90.3,27.5,131.9,,,,,,,,,,,,50
1974-03,53.1,,26.5,63.9,34.6,71.2,42,24.9,85.7,27.5,124.7,,,,,,,,,,,,50.6
1974-04,53,,28.2,60.6,37.1,74.3,43.1,26.1,78.7,27.5,101,,,,,,,,,,,,51
1974-05,53.6,,29,58.9,39.2,73.1,46.4,27.6,73.4,27.5,99.8,,,,,,,,,,,,51.8
1974-06,54.2,,30.8,54.1,41.7,70.9,48.6,28.9,72.2,27.5,106.3,,,,,,,,,,,,52
1974-07,55.1,,32,65.9,44.1,68.9,51.9,30.2,73.9,30.6,117.2,,,,,,,,,,,,54
1974-08,55.2,,32.1,67.5,47.6,66.5,53.8,30.4,102.8,30.7,131.7,,,,,,,,,,,,55.9
1974-09,55.3,,32.3,64.4,49.5,64.2,54.4,31,87.4,30.7,123,,,,,,,,,,,,55.9
1974-10,58.8,,32,63.9,51.6,59.1,54.6,30.4,100,30.8,138.1,,,,,,,,,,,,56.9
1974-11,58.9,,30.5,62,53.9,57.3,54.7,29.7,92.6,31.5,134.4,,,,,,,,,,,,57.4
1974-12,59.6,,30.4,62.2,55.2,57,54.9,30,92.1,30.4,130.9,,,,,,,,,,,,57.3
1975-01,59.2,,30.6,64.6,55.8,56.8,56,29.8,87.8,30.4,121.1,,,,,,,,,,,,57.4
1975-02,59.1,,31,63.4,57.3,58.3,56,29.6,79.3,31.2,115.2,,,,,,,,,,,,57.2
1975-03,59.9,,31.3,63.4,58.9,58.7,56,29.5,75.4,31.4,106,,,,,,,,,,,,56.9
1975-04,59.9,,31.6,68.5,58.8,60.9,56.2,29.7,81.1,31.7,103.6,,,,,,,,,,,,57.5
1975-05,59.8,,32.5,75.8,59.2,64.6,55.9,29.6,78,31.9,101,,,,,,,,,,,,57.9
1975-06,59.8,,33.8,79.5,58.7,64.2,55.9,30.6,80,34.9,96.4,,,,,,,,,,,,58
1975-07,59.7,,35.1,83,58.5,63.3,55.8,31.5,80.2,34.1,104,,,,,,,,,,,,58.7
1975-08,59.6,,37.2,81.2,58.8,63.7,55.8,31.9,84,34.9,112.7,,,,,,,,,,,,59
1975-09,59.8,,38,83.5,59.1,63.3,55.9,32.4,83.9,34.9,110.4,,,,,,,,,,,,59.4
1975-10,63.1,,38.2,83.4,59.3,63.1,57.9,32.7,84,35.2,107.8,,,,,,,,,,,,59.8
1975-11,63.3,,37.9,79.1,59.7,62.1,57.9,33.6,81.3,35.6,98.6,,,,,,,,,,,,59.5
1975-12,63.4,,37.4,78.2,59.9,64.4,57.8,34,82.6,35.8,97.5,,,,,,,,,,,,59.7
1976-01,63.5,,37,76,60.6,67.6,57.8,33.9,83.6,35.9,99.8,,,,,,,,,,,,59.9
1976-02,63.4,,36.9,72,61.4,70.7,58,34.2,82.9,33,101.6,,,,,,,,,,,,59.9
1976-03,63.6,,36.1,68.5,61.8,74.1,58,34,82.9,33.1,103.3,,,,,,,,,,,,60
1976-04,63.6,,35.7,73.2,61.9,74.2,58,33.7,82.2,33.4,99.1,,,,,,,,,,,,60.6
1976-05,63.5,,35.9,72.9,62,73.1,58.2,33.4,85.8,33.5,101.2,,,,,,,,,,,,60.8
1976-06,63.6,,37.2,72.6,62,72.2,60.2,33.5,100.8,33.8,106.7,,,,,,,,,,,,61.2
1976-07,63.5,,38.8,70,62.2,74.4,60.4,33.7,102.3,34.7,106.4,,,,,,,,,,,,61.6
1976-08,63.7,,39.5,65.7,62.7,76,61.3,34,93.2,34.7,98.5,,,,,,,,,,,,61.4
1976-09,63.8,,39.8,66.3,62.9,78.6,61.4,34.5,100.1,34.7,97.5,,,,,,,,,,,,61.8
1976-10,67.1,,39.7,63.4,63,79,62,34.6,94.6,36.1,88.5,,,,,,,,,,,,61.9
1976-11,67.2,,39.6,63.4,63.1,78.6,61.9,34.9,94.7,36.1,83.2,,,,,,,,,,,,62
1976-12,67.2,,39.4,67,62.8,81.1,63.2,35.3,100.9,36.1,85.7,,,,,,,,,,,,62.5
1977-01,67.1,,39.1,66,62.9,83,63.3,36.1,103.6,35.8,87.7,,,,,,,,,,,,62.8
1977-02,67.1,,39.2,65.2,63.2,83.5,63.3,37,103.6,37.4,88.1,,,,,,,,,,,,63.5
1977-03,67.1,,40,64.1,63.1,85.7,64,37.8,105,36.8,87,,,,,,,,,,,,64.1
1977-04,67.3,,40.7,63.7,63.4,86.5,64.2,38.4,115,37,87.4,,,,,,,,,,,,64.9
1977-05,67.5,,41.5,68.6,63.6,86.3,64.4,38.8,113.3,37,81.2,,,,,,,,,,,,65.2
1977-06,67.7,,42.2,68.5,63.6,85.2,64.5,38.8,106.7,37.1,74.8,,,,,,,,,,,,65
1977-07,67.7,,42.5,70.9,63.7,88.8,66.8,39,89.1,36.9,71.7,,,,,,,,,,,,65.1
1977-08,67.9,,42.4,69,63.7,92.1,67.1,39,83.2,37.3,66.6,,,,,,,,,,,,65
1977-09,68,,42.3,68.4,63.6,97.1,68,39.1,82.7,37.6,68.4,,,,,,,,,,,,65.3
1977-10,71.8,,42.1,70.1,63.8,94.1,67.9,39,79.7,38,68.6,,,,,,,,,,,,65.6
1977-11,71.7,,41.9,69.7,63.8,91.6,67.9,39.3,91.7,38.6,78,,,,,,,,,,,,65.8
1977-12,71.8,,41.8,73.3,63.9,93.6,67.9,39.4,88.6,39.3,79.3,,,,,,,,,,,,66.2
1978-01,72,,41.7,74.2,63.6,96.7,67.9,39.7,92,39.4,80.2,,,,,,,,,,,,66.8
1978-02,72,,41.4,79.4,63.6,99.3,70.5,39.8,88.4,39.5,81,,,,,,,,,,,,67.5
1978-03,72,,41.2,78.9,63.6,100.5,71.2,39.5,94.9,40,84.8,,,,,,,,,,,,68.1
1978-04,72.3,,41.4,81.9,63.6,101.9,72.3,39.4,93.5,40.1,94.2,,,,,,,,,,,,69
1978-05,73.4,,41.8,86.2,63.5,101.8,72.5,39.4,91.7,40.3,89.7,,,,,,,,,,,,69.5
1978-06,73.6,,42.7,88,63.5,103.2,72.6,39.3,93.6,40.8,89.2,,,,,,,,,,,,70
1978-07,73.6,,43.6,85.1,63.8,102.7,72.7,39.3,92.9,41.2,87.1,,,,,,,,,,,,70.4
1978-08,73.6,,44.5,82.6,64.2,105.1,74.5,39.4,89.9,41.3,84.8,,,,,,,,,,,,70.4
1978-09,73.7,,45.1,86,64.2,106.9,74.5,39.5,91.7,41.7,83.9,,,,,,,,,,,,71
1978-10,76.5,,45.6,88.7,64.7,107.6,75,40,95.2,41.9,86.3,,,,,,,,,,,,71.8
1978-11,76.7,,45.5,84.5,64.5,110,75,40.4,97.2,42.3,89.6,,,,,,,,,,,,72.1
1978-12,76.8,,46.4,88,65,109.1,75,41.3,100.3,42.6,87.6,,,,,,,,,,,,72.7
1979-01,77.9,,47.1,93.4,66.4,108.3,77.7,42,100,43.1,87.4,,,,,,,,,,,,73.8
1979-02,78.3,,47.9,96.1,67.3,109.4,77.8,42.6,102.8,43.9,89.7,,,,,,,,,,,,74.9
1979-03,78.3,,49.1,97.2,68,112.8,78,44.4,102.1,44.2,91,,,,,,,,,,,,75.8
1979-04,79.6,,51.1,98.3,70.4,114.3,78.7,47,102,44.5,94,,,,,,,,,,,,76.9
1979-05,79.8,,54.1,96.6,72.5,114.2,79.2,49.9,99.8,45.8,99.7,,,,,,,,,,,,77.5
1979-06,79.9,,57,93.2,73.5,114.2,79.3,53.8,104.3,48.6,103.7,,,,,,,,,,,,78
1979-07,80,,60.6,91,76.7,114.2,81.4,59,111.2,50.5,117.3,,,,,,,,,,,,79.2
1979-08,78.2,,64.7,85.9,78.6,117.5,81.4,63.4,102.3,52.6,108.6,,,,,,,,,,,,79.6
1979-09,78.4,,68.7,92.9,79.4,120.3,81.5,68.1,103.8,57.6,106.4,,,,,,,,,,,,80.9
1979-10,82.9,,71.6,90.2,81,119.2,82.5,71.2,106,59.5,108.6,,,,,,,,,,,,82.1
1979-11,82.9,,72.9,91.6,81.8,114.4,82.6,71.6,105.3,61.4,107.5,,,,,,,,,,,,82.6
1979-12,83,,74.7,93.3,82.9,109.2,82.8,72.2,106.5,64.2,108.1,,,,,,,,,,,,83.4
1980-01,84.4,,78.1,91.6,85.9,108.2,84,74.6,104,70,101.8,,,,,,,,,,,,85.2
1980-02,83.7,,83.6,92.2,87.3,109.9,84.2,80.1,104,70.2,105.9,,,,,,,,,,,,86.9
1980-03,83.8,,90.6,92,88.9,109.6,84.5,84.5,102.5,71.3,103.3,,,,,,,,,,,,87.5
1980-04,86.1,,94.7,86.6,91.4,99.8,87,86.5,97,72.8,99.9,,,,,,,,,,,,87.8
1980-05,85.5,,96.3,87.1,93.2,97,87.4,87.3,98,73.6,103.8,,,,,,,,,,,,88.3
1980-06,85.6,,96.5,88.2,93.5,100.7,87.5,86.5,97,74.9,102.1,,,,,,,,,,,,88.7
1980-07,87.5,,97,95.9,93.2,105.3,86.1,87.9,106,75.2,116.1,,,,,,,,,,,,90.3
1980-08,88.2,,97.2,101.4,93.6,107.4,86.1,88.7,110,77.3,121.6,,,,,,,,,,,,91.5
1980-09,84.7,,97,99.7,92.9,105.6,86.1,88.5,115.2,77.9,123.6,,,,,,,,,,,,91.7
1980-10,91.8,,96,100.3,93.6,103.2,88,88.1,116.8,79,127.7,,,,,,,,,,,,92.8
1980-11,92,,96,97.8,94.4,104.6,88.5,88.1,120.5,81.9,128.5,,,,,,,,,,,,93.2
1980-12,91.3,,96.8,96.7,94.9,107.1,89.7,89.2,116.9,86.3,125.7,,,,,,,,,,,,93.8
1981-01,92.4,,98.4,96,97.7,106.6,92.3,93.3,117.8,96.1,131.7,,,,,,,,,,,,95.2
1981-02,92.6,,102.4,93.4,99.9,105.2,92.4,99.2,111.6,114.9,126.8,,,,,,,,,,,,96.1
1981-03,91.8,,110.6,92.4,100.5,104.9,94,107,109.4,114.9,124.1,,,,,,,,,,,,97
1981-04,94,,112.5,91.8,102.8,107.4,94.9,109.4,112.5,114.9,125.5,,,,,,,,,,,,98
1981-05,95.2,,111.6,94.3,104.5,108.2,94.9,108.8,114.1,114.5,122.2,,,,,,,,,,,,98.3
1981-06,95.6,,111.2,95.8,104.9,108,95.1,108.3,110.9,111.3,121.9,,,,,,,,,,,,98.5
1981-07,95.6,,109.7,100,105.1,107,98.7,107.4,109.9,108.9,122,,,,,,,,,,,,99
1981-08,95.4,,108.4,99.4,105.4,106.2,98.7,106.7,108.4,108.7,115.1,,,,,,,,,,,,99
1981-09,91.8,,108.3,99.8,105.5,103,98.8,105.3,105.5,108.7,107.7,,,,,,,,,,,,98.8
1981-10,100,,108.2,96.7,104.3,100.3,99.8,105.2,103.2,107.5,107.9,,,,,,,,,,,,98.9
1981-11,100.1,,107.6,93.4,103.1,98.7,99.7,104.3,101.6,107.2,107.4,,,,,,,,,,,,98.8
1981-12,100.3,,107,91.6,102.9,99.7,99.8,104.9,102.8,107.3,101.3,,,,,,,,,,,,98.8
1982-01,100.7,,106.6,94.5,102.9,99.7,100.3,105.2,102.9,107.3,106.8,,,,,,,,,,,,99.7
1982-02,98,,104.8,96.6,102.7,99.1,100.2,105.1,101.7,105,105.8,,,,,,,,,,,,99.8
1982-03,98,,101.5,96.5,102.5,99.2,100.3,103.2,100,101.6,104.7,,,,,,,,,,,,99.6
1982-04,98,,95,100.4,101.5,100.5,100.8,97,102.4,97.9,107.1,,,,,,,,,,,,99.6
1982-05,99.1,,91.1,105.1,101.3,99.9,100.7,92.9,102.9,97.9,108.2,,,,,,,,,,,,99.8
1982-06,100.2,,95.2,106.4,99.6,101.6,100.1,95.4,102.4,97.9,107,,,,,,,,,,,,100
1982-07,100.7,,102.5,104.1,99,102.7,99.9,99.8,101.3,98,100.9,,,,,,,,,,,,100.4
1982-08,101.1,,103.7,102.3,99,100.3,99.7,99.9,98.2,98,93.5,,,,,,,,,,,,100.3
1982-09,95.6,,102.4,103.3,98.3,99.8,99.6,98.4,96.7,97.9,88.8,,,,,,,,,,,,100
1982-10,102.9,,100.6,98.8,98.1,98.3,100.1,98.3,94.6,100.3,86.9,,,,,,,,,,,,100.2
1982-11,102.9,,99.2,96.5,97.9,98.2,99.7,101.3,97.5,100,94.2,,,,,,,,,,,,100.3
1982-12,103.1,,97.6,95.6,97.1,100.6,98.6,103.4,99.4,98.2,95.9,,,,,,,,,,,,100.5
1983-01,102.4,,94,96.9,96.2,105.2,98.3,99.3,100.2,98.1,97.8,,,,,,,,,,,,100.2
1983-02,102.1,,90,99.1,96.5,110.9,100.5,93.6,100.5,94.5,105.4,,,,,,,,,,,,100.5
1983-03,101.6,,87,99,96.1,112.4,100.1,87.9,100.5,92.5,107.8,,,,,,,,,,,,100.4
1983-04,101.8,,84.3,99,96.1,114,100,81.5,105.5,92.5,115.6,,,,,,,,,,,,100.4
1983-05,102,,87.7,98.2,96.1,115.4,100.1,81.9,104.8,92.4,114.8,,,,,,,,,,,,100.8
1983-06,102.1,,91.5,96.5,96,120,100.2,85.5,102.8,92.4,114.5,,,,,,,,,,,,101
1983-07,102.3,,92.7,94.4,98.4,120.1,100.4,85.7,104.1,92.1,112.2,,,,,,,,,,,,101.3
1983-08,102.6,,93.5,92.3,98.6,118,100.6,86.4,110.3,92.1,119.4,,,,,,,,,,,,101.8
1983-09,97.8,,92.6,91,98,111.5,102.5,87.2,118,92.1,122.3,,,,,,,,,,,,102
1983-10,104.5,,91.4,88.8,97.8,110.9,102.6,89.5,117.7,92.1,120.3,,,,,,,,,,,,102.2
1983-11,104.5,,89.5,86.1,98.2,110.3,102.8,88.8,119.3,92.1,122.1,,,,,,,,,,,,102.1
1983-12,104.5,,87.7,91,99.1,113,103,88.1,116.2,92,115.5,,,,,,,,,,,,102.3
1984-01,104.7,,85.1,95.8,98.5,113.5,103.7,86.7,116.1,92.1,116.4,,,,,,,,,,,,102.9
1984-02,104.7,,84.2,96.2,95.8,117.4,104,89.2,109.4,92.1,111.6,,,,,,,,,,,,103.2
1984-03,104.8,,84.9,95.6,97.8,119.2,104,92.3,111.4,92.1,119,,,,,,,,,,,,103.9
1984-04,105.1,,85.5,95.5,98,118.9,104.2,86.8,111.8,91.9,124.3,,,,,,,,,,,,104
1984-05,104.8,,87.5,94.1,97.9,114.4,104.3,85.8,109.9,91.9,121.5,,,,,,,,,,,,104.1
1984-06,104.6,,87.3,93.2,98,112.8,104.5,86.9,106.7,91.8,122.3,,,,,,,,,,,,104
1984-07,104.6,,85.5,97.6,98,110.2,105.2,87.7,102.5,91.7,118,,,,,,,,,,,,104.2
1984-08,104.3,,82.9,95.4,96.7,110.1,105.3,84.8,101.3,91.5,112.3,,,,,,,,,,,,103.8
1984-09,100.8,,82.2,94,95.8,108.8,105.3,82.8,99,91.4,109.7,,,,,,,,,,,,103.4
1984-10,106.1,,83.7,90.4,95.3,107.6,105.5,83.6,95.8,91.3,103.9,,,,,,,,,,,,103.4
1984-11,106.3,,84.2,92.1,94.9,108.3,105.3,85.2,94.5,89.4,104.2,,,,,,,,,,,,103.7
1984-12,105.7,,82.7,94.3,95,109.2,105.3,84.2,94.1,88.6,100.8,,,,,,,,,,,,103.5
1985-01,106.9,,79.3,94.6,95.5,110.4,105.1,83.2,93.7,86.1,103.1,,,,,,,,,,,,103.4
1985-02,107.6,,75.8,94.9,95.5,110.4,105.1,81.1,91.6,83.9,103,,,,,,,,,,,,103.3
1985-03,107.3,,77.2,92.2,95.5,110.7,105,79.9,89.7,83.9,102.5,,,,,,,,,,,,103.1
1985-04,107.2,,81.5,89.4,95.3,109.4,105,80.1,88.1,84.2,104.6,,,,,,,,,,,,103.3
1985-05,107.9,,86.2,89.3,95.5,112.4,105,82.9,86.3,84.7,101.5,,,,,,,,,,,,103.5
1985-06,108,,88.2,89.5,96.3,116.8,104.7,79.9,87,84.6,100.9,,,,,,,,,,,,103.3
1985-07,108,,88,90.7,96.4,114.1,104.7,76.1,88,84.4,97.2,,,,,,,,,,,,103.2
1985-08,107.8,,86,88.2,97.5,110,104.5,74.3,88.4,83.7,87.8,,,,,,,,,,,,102.7
1985-09,100,,84.1,85.3,97.1,107,104.5,78.7,89.1,83.9,85.9,,,,,,,,,,,,102.1
1985-10,111.1,,82.8,89.8,95.9,105.3,104.6,82.6,91,84.3,83.6,,,,,,,,,,,,102.9
1985-11,111.1,,84.9,92.9,95.4,103.8,104.4,86.7,93.2,84.7,91,,,,,,,,,,,,103.4
1985-12,110.4,,85.3,94.6,95.6,104.8,104.3,89.1,94.5,85.1,92.8,,,,,,,,,,,,103.6
1986-01,109.3,,79.6,92.4,96.9,106,99.5,81.9,95.6,84.3,91.7,,,,,,,,,,,,103.2
1986-02,109.5,,70.7,89,95,105.7,99.2,63.7,94.1,66.7,91.8,,,,,,,,,,,,101.7
1986-03,108.9,,55.5,87.5,95.4,108.3,99,49.5,95,48.2,90.8,,,,,,,,,,,,100.3
1986-04,110.6,,50.9,85.8,91.8,113.3,99.3,49.5,95.5,41,90.7,,,,,,,,,,,,99.6
1986-05,110.4,,56.6,90,90.2,113,99.8,45.6,95.2,40,94.6,,,,,,,,,,,,100
1986-06,110.6,,58.7,90.9,89.8,110.4,99.8,43.7,95.5,41,86.4,,,,,,,,,,,,99.9
1986-07,110.7,,47.3,96.7,89.7,111.1,99.9,36.1,94.4,37.2,72.2,,,,,,,,,,,,99.4
1986-08,110,,46.5,100.9,89.5,111.3,100,38.1,93.5,36,65.9,,,,,,,,,,,,99.3
1986-09,105.3,,50.6,100.5,89.9,112.9,100.2,45.2,95.7,42.5,62.9,,,,,,,,,,,,99.4
1986-10,117.5,,46.5,98.5,90.2,111.1,100.3,42,92.5,42.1,63.9,,,,,,,,,,,,99.7
1986-11,117.3,,46.6,97.5,89.8,112,100.1,42.6,93.9,41.9,69.4,,,,,,,,,,,,99.8
1986-12,116.4,,47.3,97.4,90.2,111.3,99.9,44.8,94.5,42,71,100,,,,,,,,,,,99.7
1987-01,116.4,,51.9,95.2,92,111.9,100.7,50.3,93.8,50.4,66.8,102.6,,,,,,,,,,,100.5
1987-02,113.5,,55.1,95.8,92.8,114.4,100.9,52.8,94.1,52.4,66.7,104.2,,,,,,,,,,,101
1987-03,112.6,,55.1,93.7,93.7,116,100.7,49.7,92.4,52.3,67.5,100.9,,,,,,,,,,,101.2
1987-04,114.7,,58.1,100,94.1,116.8,101,51.8,93.8,53.2,71,97.7,,,,,,,,,,,101.9
1987-05,113.8,,58.7,105.9,95.2,116.9,101,53.1,98.4,54.7,79,100.7,,,,,,,,,,,102.6
1987-06,113.3,,60.5,106.4,97.8,117.9,100.9,54.8,99.9,56.4,74,104.9,,,,,,,,,,,103
1987-07,113.1,,62,107.5,96.3,119.7,101.4,56.1,99.4,59.8,68.8,108.4,,,,,,,,,,,103.5
1987-08,112.1,,64.2,103,95.6,120.2,101.7,59.5,98.4,61.1,63.4,112.6,,,,,,,,,,,103.8
1987-09,109,,61.1,105.7,95.5,123.3,102.4,57.5,99.9,57.8,69.5,125.8,,,,,,,,,,,103.7
1987-10,117.6,,60.1,102.1,96.8,120.5,105.4,59.8,100.3,56.9,72.8,150,,,,,,,,,,,104.1
1987-11,116.2,,60.8,96.1,97.6,120.4,105.9,61.3,104.8,56.6,74.9,155.8,,,,,,,,,,,104.2
1987-12,113.6,,57.4,93.7,98.2,120.3,105.8,58.1,107.3,54.1,78.9,147.7,,,,,,,,,,,104.2
1988-01,113.8,,53.8,98.4,99.4,120.8,107.3,54.6,105.8,50.1,77.5,145.7,,,,,,,,,,,104.6
1988-02,113.7,,53.9,97.9,100.3,121.5,107.7,51.5,102.9,49.7,83.5,164,,,,,,,,,,,104.8
1988-03,113.3,,53.6,98.7,102.1,123,108.1,50.3,104,47.2,80.6,164.2,,,,,,,,,,,104.9
1988-04,113.4,,56.8,99,103.3,123.9,109.8,53.5,106,49.1,82.3,159.6,,,,,,,,,,,105.8
1988-05,113.8,,59.6,102.2,104.3,123.8,110.7,54.5,107.1,51.5,82.9,155.3,,,,,,,,,,,106.5
1988-06,113.9,,59.2,104.4,105.8,124.4,110.9,51,120.2,50.6,103.4,150.6,,,,,,,,,,,107.2
1988-07,114,,60.9,102,108.6,125.1,111.4,47.2,127.3,45.7,111.5,169.4,,,,,,,,,,,107.9
1988-08,114,,62.2,99.8,109.4,123.2,112.1,46.9,123.6,45,109.9,175.5,,,,,,,,,,,108
1988-09,110.8,,57.5,101.2,110,120.9,112,46.8,125.4,42.6,112.9,169.5,,,,,,,,,,,108.1
1988-10,120.4,,56.1,98.2,111.4,120,113.3,42.6,125.5,39.3,114.2,169.5,,,,,,,,,,,108.2
1988-11,119,,58.7,97.4,112.8,119.9,112.7,47.1,123.3,39.2,107.4,164.6,,,,,,,,,,,108.3
1988-12,118.8,,55.5,99,114.2,118.8,112.5,50.4,120.9,44.3,108.9,163.4,,,,,,,,,,,109
1989-01,118.7,,55.4,102.8,117.2,119.8,114,54.2,124.3,49.7,115.2,171.2,,,,,,,,,,,110.5
1989-02,118.9,,56.8,102.8,117.6,122.3,114.4,55.1,121.1,50.3,111.3,175.2,,,,,,,,,,,110.8
1989-03,117.2,,59.1,104,116.7,123.4,114.9,57.7,122,53.9,115.1,169.7,,,,,,,,,,,111.5
1989-04,116.1,,70.6,103.3,117.5,126.5,115.4,62.9,119,58.9,109.8,165.7,,,,,,,,,,,112.3
1989-05,117.3,,76.9,103.7,117.8,128.5,115.1,58,117.8,59.5,114.1,167.1,,,,,,,,,,,113.2
1989-06,117.6,,74.9,104,115.6,128.7,114.9,54,114.9,58.3,105.8,163.6,,,,,,,,,,,112.9
1989-07,115.2,,70.9,105.8,114.1,130,114.7,52.9,117.6,59.9,105.1,155.6,,,,,,,,,,,112.8
1989-08,115.1,,63.1,106,113.4,128.8,114.1,53.6,114.2,53.5,100.3,152.5,,,,,,,,,,,112
1989-09,113.8,,64.9,105.3,112.4,127,114.2,59.5,115.3,56.2,100.1,150.2,,,,,,,,,,,112.4
1989-10,123.3,,65.3,104.8,112.5,127.3,114.5,65.4,112.3,57.6,98.2,144.9,,,,,,,,,,,112.8
1989-11,121.9,,62.1,107.2,111.7,123.2,114.2,64.8,110.9,57.6,101.1,139.8,,,,,,,,,,,112.7
1989-12,121.6,,60.6,108.4,111.6,123.1,113.8,68.5,110.3,59.8,101,139.8,,,,,,,,,,,113
1990-01,119,,69,110.6,111.4,124.5,113.1,84.6,110.7,64.3,100.8,147.7,,,,,,,,,,,114.9
1990-02,119.1,,67.2,111.1,111.3,125.8,112.2,59.8,106.1,65,100.4,149.3,,,,,,,,,,,114.4
1990-03,118.6,,65.8,111.8,110.7,127.4,112.2,60.7,105.9,60,100.2,147.5,,,,,,,,,,,114.2
1990-04,118.4,,69.6,114.5,110.4,129.3,112,60.8,106.2,52.6,107.2,153.8,,,,,,,,,,,114.1
1990-05,117.7,,71.5,119.9,110.8,128,112.2,58.6,109.1,54.5,108.6,162.5,,,,,,,,,,,114.6
1990-06,119.5,,72.2,120.3,111.1,125.9,111.9,54,107.4,47.9,110.4,158.2,,,,,,,,,,,114.3
1990-07,119.7,,70,119.6,111.1,126.5,112.4,52.2,109.3,46.3,103.1,154.5,,,,,,,,,,,114.5
1990-08,118.7,,82.2,119.8,110.7,124.8,111.9,72.9,107.4,75.2,92.1,164.8,,,,,,,,,,,116.5
1990-09,117.7,,92.4,117.2,114.9,123.5,111.7,88.4,107.7,91,88.3,161.2,,,,,,,,,,,118.4
1990-10,125.7,,98.2,119.7,118.4,120.5,112,105.6,108,118,85.8,156.1,,,,,,,,,,,120.8
1990-11,125.5,,98.1,119.5,120.1,119.4,112,100,105.6,97.3,85.1,149.9,,,,,,,,,,,120.1
1990-12,125.5,,88,119.5,117.8,119.3,112.1,91,105.9,79.3,87,147.2,,,,,,,,,,,118.7
1991-01,125.8,,79,117.3,117.5,120,112.2,82.4,104.5,87.9,85.9,147.5,,,,,,,,,,,119
1991-02,126.7,,70.2,117,116.7,118.8,111.8,75.3,105.1,64.2,88,144.1,,,,,,,,,,,117.2
1991-03,126.3,,65.4,117.8,113.2,119.6,111.3,62,106.3,54.1,94,139.1,,,,,,,,,,,116.2
1991-04,125.1,,66.9,117.4,112.9,121.6,110.6,60.1,105.9,56.3,94.1,139.6,,,,,,,,,,,116
1991-05,123.8,,72.6,117.8,111.9,125.2,109.9,60.6,105.8,58.8,92.7,135.8,,,,,,,,,,,116.5
1991-06,123.5,,71,117.4,111.7,132.7,109.9,58.4,106,56.2,90.2,126.2,,,,,,,,,,,116.4
1991-07,123.3,,67.9,116.3,109.7,133.2,109.4,58.5,104.1,59.3,84.3,128.2,,,,,,,,,,,116.1
1991-08,123.1,,71.3,111.5,109.1,125.1,108.2,62.4,107.9,60.4,93.2,136,,,,,,,,,,,116.2
1991-09,120.7,,70.2,108.5,109.7,125,107.7,65.8,109,60.4,92.4,138.4,,,,,,,,,,,116.1
1991-10,131.7,,68.4,109.1,109.7,124.5,107.2,67.4,108.7,66.3,94.8,138.2,,,,,,,,,,,116.4
1991-11,131,,69.6,106.5,109.7,125.4,107.6,70.7,109.4,64,96.4,132.8,,,,,,,,,,,116.4
1991-12,130.2,,65.9,105.5,109.9,128.2,107.9,63.3,109,55.1,97.7,129.4,,,,,,,,,,,115.9
1992-01,129.9,,60.6,103.8,108.4,132.3,107.4,55,108.7,51.3,103.1,129.5,,,,,,,,,,,115.6
1992-02,129.7,,61.8,105.6,107.3,140.9,107.5,57,108.9,53.5,106.2,130.7,,,,,,,,,,,116
1992-03,130,,62.6,106.7,107.2,146.4,107.5,56.2,109.3,51,108.5,133.1,,,,,,,,,,,116.1
1992-04,129.8,,65.6,107.4,107.5,148.6,107.1,58.6,107.9,56,102.7,133.4,,,,,,,,,,,116.3
1992-05,129.5,,70.9,108.9,107.7,148.7,107,62.1,108.7,59.2,103.5,131.9,,,,,,,,,,,117.2
1992-06,128.9,,75,107.8,109.9,144.1,106.5,65.6,109.3,64.3,105.7,128.6,,,,,,,,,,,118
1992-07,129.1,,72.1,107.1,110.2,142.8,106.3,65,107.7,61.9,95,128.4,,,,,,,,,,,117.9
1992-08,128.2,,71.5,106.7,110.5,142,106,63.7,106.9,60.5,88.5,128.5,,,,,,,,,,,117.7
1992-09,124,,72.3,106.6,111,144.8,105.7,65.4,107.9,63.1,90.6,128.2,,,,,,,,,,,118
1992-10,133.2,,71.4,106.7,110.7,143.8,105.3,68,107.3,63.4,87.8,124.3,,,,,,,,,,,118.1
1992-11,133.1,,69.9,105.2,111.4,146.9,105.1,65.2,107.3,58.5,86.6,123.9,,,,,,,,,,,117.8
1992-12,132.8,,63.1,108.1,109.4,155.5,105.1,60.9,109.6,53.8,89.2,130.4,,,,,,,,,,,117.6
1993-01,133.1,,63.4,108.9,109.8,164.6,105.1,60.6,110,52,89.9,144.3,,,,,,,,,,,118
1993-02,134,,64,109.7,110.7,181.1,105.6,60.3,107.9,56.1,88.1,153.2,,,,,,,,,,,118.4
1993-03,134,,65.5,111.7,110,196.4,106.1,63.1,107,58.1,89.3,152.6,,,,,,,,,,,118.7
1993-04,133.9,,67.9,113.9,111.9,197.3,106.7,63.2,108.2,57.7,93.7,150.1,,,,,,,,,,,119.3
1993-05,133.6,,69.9,114.7,111.1,189,107.3,63.4,108.5,57.9,91.1,153,,,,,,,,,,,119.7
1993-06,133.8,,67.8,113.6,111.3,178.7,108,61.6,107.9,52.9,85.3,163.2,,,,,,,,,,,119.5
1993-07,134,,65,111.5,110.6,172.9,108.4,57.7,113.2,50.2,91.2,170.5,,,,,,,,,,,119.2
1993-08,133.7,,63.8,110.2,110.4,175.9,109.2,55.2,114.9,48.3,93.9,166.8,,,,,,,,,,,118.7
1993-09,129.2,,63.3,110.5,110.3,179,109.8,60.8,112.6,46.5,92.2,169.4,,,,,,,,,,,118.7
1993-10,136.8,,63.7,108.3,110.2,181.5,110.2,66.5,111.7,51.8,96.4,185.3,,,,,,,,,,,119.1
1993-11,137.3,,60.4,107.6,110.5,188.6,110.6,63,113.3,46,106.1,192.1,,,,,,,,,,,119
1993-12,137.4,,52.5,106.2,108.7,195.9,111.1,51.2,116.2,38.9,116.4,196.1,,,,,,,,,,,118.6
1994-01,138.5,,53.4,106.2,108.6,202,111.4,51.4,115.9,39.3,118,198.8,,,,,,,,,,,119.1
1994-02,138.6,,56.4,108.6,108.1,196.6,111.9,56.6,116.6,37.8,116.8,199.6,,,,,,,,,,,119.3
1994-03,138.5,,56.2,110.3,108.4,197.4,111.9,56.9,116,39.6,112.5,197.7,,,,,,,,,,,119.7
1994-04,138.5,,59.5,109.5,109.6,188.2,111.9,54.6,113.8,42.7,109.3,192.2,,,,,,,,,,,119.7
1994-05,139.3,,61.2,106.9,110.8,185.7,112.5,54.8,113.2,48.9,106.8,178.3,,,,,,,,,,,119.9
1994-06,139.2,,62.9,103.7,111.7,189.7,112.3,54.2,114.3,52.9,110.1,158.7,,,,,,,,,,,120.5
1994-07,139.3,,66.5,101.5,112.9,184.4,113.4,56.4,112.1,56.2,96.4,168.2,,,,,,,,,,,120.7
1994-08,139.4,,72.4,105,115.2,185.5,114.1,57.4,109.4,54.4,90.2,183.7,,,,,,,,,,,121.2
1994-09,135.1,,67,102.4,119.8,184.7,114.8,57.7,109,48.3,94.2,185.8,,,,,,,,,,,121
1994-10,141,,62.1,100.7,121.2,181.4,115.3,58.4,107.1,49.3,91.1,181.9,,,,,,,,,,,120.9
1994-11,140.4,,64.1,100.8,122,183.4,115.8,59.5,104.7,49.1,91.2,187.3,,,,,,,,,,,121.5
1994-12,140.9,,58.4,100.2,123,181.7,115.8,54.2,103.9,47.1,95.3,190.9,,,,,,,,,,,121.9
1995-01,141.2,,60.2,102.9,125.6,182.1,117.9,54,104.1,48.4,95.5,199.7,,,,,,,,,,,122.9
1995-02,140.9,,60.4,104.6,127.9,177.8,119.7,53.1,102.8,51,96.9,196.3,,,,,,,,,,,123.5
1995-03,140.4,,61.6,105,128.5,179.3,121,55,103.9,50.6,98.2,189.6,,,,,,,,,,,123.9
1995-04,140.2,,67.7,100.9,131.5,175.7,121.7,58.2,105.2,55.3,101.1,191.5,,,,,,,,,,,124.6
1995-05,139.8,,71.8,100.2,132,173.4,121.9,59.4,103.7,56,104.2,192.4,,,,,,,,,,,124.9
1995-06,138.9,,70.6,101.1,130.3,169.9,121.9,56.8,104.7,53.3,110.5,189.2,,,,,,,,,,,125.3
1995-07,138.9,,65.9,103.9,130.4,173,121.9,53.7,105.7,48.3,116.2,188.9,,,,,,,,,,,125.3
1995-08,138.4,,64.5,103.4,129.6,172.2,121.2,56,108.4,49.1,114,197.9,,,,,,,,,,,125.1
1995-09,134.1,,64.2,102.5,128.8,174.1,120.2,58.5,110.3,51.4,119.3,193.9,,,,,,,,,,,125.2
1995-10,143,,60.8,103.9,127.3,171,119.1,58.8,114.7,48.3,126.2,190.1,,,,,,,,,,,125.3
1995-11,143.8,,57.2,103.2,124.6,167,117.9,59.7,120.6,49,131.1,182.1,,,,,,,,,,,125.4
1995-12,143.6,,59.8,103.5,124.4,165.7,117.3,60.2,125.3,52.2,137.6,183.2,,,,,,,,,,,125.7
1996-01,142.3,,64.1,101.9,124.7,165.7,116.6,62.2,129.1,56,141.4,190.6,,,,,,,,,,,126.3
1996-02,142.2,,62.2,103.3,125.1,166.8,115.2,59.4,129.4,52.8,146.5,192,,,,,,,,,,,126.2
1996-03,142.2,,68,103.2,125.1,169.6,114.7,62.6,131.4,57.7,151.5,188.5,,,,,,,,,,,126.4
1996-04,141.6,,76.4,103.2,126.9,172.2,114.9,75.4,134.8,66,166.9,187.8,,,,,,,,,,,127.4
1996-05,141.6,,80.1,106.4,127.7,181.3,115.2,74.5,138.6,61,190.5,190.9,,,,,,,,,,,128.1
1996-06,141.8,,75.8,109.5,127.6,184.7,115.6,64.9,138.1,57.7,181.9,186.9,,,,,,,,,,,128
1996-07,140.5,,73.6,110.2,126.8,181,115.5,66.1,139.8,59.9,184.9,182.7,,,,,,,,,,,128
1996-08,140.2,,72.6,115,127.2,184.4,115.9,66.6,140.2,62,170.6,183.7,,,,,,,,,,,128.3
1996-09,136.5,,73.6,112.2,127.9,189.6,116.3,74.7,142.8,67.2,138.7,183.8,,,,,,,,,,,128.2
1996-10,143.3,,74.1,114.1,126.9,182.8,116,80.2,135.3,72,118.8,175.9,,,,,,,,,,,128
1996-11,143,,76.6,114.2,127.1,190.3,115.7,77,131.7,68.5,112.2,165.4,,,,,,,,,,,128.2
1996-12,142.6,,76,114.8,127.5,189.3,115.6,76,132.1,70.9,109.6,165.1,,,,,,,,,,,129.1
1997-01,142.7,,76.6,111.1,127.9,190.2,115.9,73.2,131.2,73.4,111.1,174.8,,,,,,,,,,,129.7
1997-02,142.4,,75,109,127.7,195.3,116.1,73.1,131.7,64.5,111,183.3,,,,,,,,,,,128.5
1997-03,142.1,,73.5,111.7,126.7,196.4,116.1,66.5,136.1,56.3,119.3,178.4,,,,,,,,,,,127.3
1997-04,141.3,,72.7,112.4,126.2,199.9,116.4,66.1,137.5,56.1,121.2,174.2,,,,,,,,,,,127
1997-05,139.3,,72.8,115.7,125.8,203.3,116.2,63.6,139.7,60.2,116.6,177.9,,,,,,,,,,,127.4
1997-06,139.1,,71.2,113.2,125.2,197.9,116.3,61,136.6,51.8,112.4,177.6,,,,,,,,,,,127.2
1997-07,136.9,,69.3,113.4,125.8,199,116.6,57.7,132.6,54.9,105.9,181.7,,,,,,,,,,,126.9
1997-08,136.9,,73.7,115.4,126.7,196.8,116.6,62.1,131.7,54.9,106.3,183.8,,,,,,,,,,,127.2
1997-09,134.6,,75.3,112.5,126.8,192.2,116.8,61.3,135,53.3,107.2,182,,,,,,,,,,,127.5
1997-10,141.7,,70.5,109.8,126.2,187.1,116.6,64.7,126.7,57.3,109.1,183.4,,,,,,,,,,,127.8
1997-11,140.4,,67.9,108.1,126.2,188.5,116.6,65.8,128.1,56.4,107.1,188,,,,,,,,,,,127.9
1997-12,138.8,,64.6,106.8,126.1,187.7,116.2,58.9,128,50.8,107.4,189.1,,,,,,,,,,,126.8
1998-01,138.7,,59.4,102.4,125.8,185.3,115.9,53.9,121.2,43.4,104.4,189.3,,,,,,,,,,,125.4
1998-02,138.9,,55.8,102.3,124.1,186.9,115.9,51.3,117.3,43.2,105.2,185.6,,,,,,,,,,,125
1998-03,138.6,,51.7,100,123.1,187.4,115.5,47.6,113.8,35.8,107.2,178.8,,,,,,,,,,,124.7
1998-04,138,,54,101.2,122.3,187.2,115.4,50,109.1,38.1,99.8,176.6,,,,,,,,,,,124.9
1998-05,136.3,,58.3,105.5,121.9,182.7,115.1,50,107.3,38.3,98.7,177,,,,,,,,,,,125.1
1998-06,135.1,,57.4,106,121.4,175.9,115.1,45.8,106.8,33.6,94,174.6,,,,,,,,,,,124.8
1998-07,135.6,,56,103,121.1,178.9,114.8,44.7,109,35.9,92,168.5,,,,,,,,,,,124.9
1998-08,134.7,,51.6,104.6,120.4,180,114.3,44.4,106,30.4,82.5,155.9,,,,,,,,,,,124.2
1998-09,133.5,,51,100,119.5,174.2,113.3,48.1,101.8,36,76.3,141.5,,,,,,,,,,,123.8
1998-10,141.5,,52.5,98.1,119.2,171.7,111.8,47.3,99.5,35.2,84.6,123.8,,,,,,,,,,,124
1998-11,141.3,,49.8,97.2,119.4,170.4,110.2,46.1,101.6,32.7,88.5,114.4,,,,,,,,,,,123.6
1998-12,140.1,,43.2,95.5,118.9,173.5,108.7,39,101.9,26.1,87.1,113.7,,,,,,,,,,,122.8
1999-01,139,,46.4,99.1,118.3,177.4,107.1,40.2,101.5,30.2,87,119.3,,,,,,,,,,,122.9
1999-02,139.5,,44.2,98.6,117.1,181.6,105.7,38.1,99.8,26.2,86.4,127.3,,,,,,,,,,,122.3
1999-03,138.4,,48.1,100.2,116.4,186,105.4,43.2,97,33.3,84.9,120.3,,,,,,,,,,,122.6
1999-04,138.8,,64.4,99.8,116.2,185.5,105.3,53.1,97.7,42.4,83.1,121.1,,,,,,,,,,,123.6
1999-05,137.9,,65.6,104.8,117,188.9,104.6,53,97,47.2,84.6,128.9,,,,,,,,,,,124.7
1999-06,136.7,,63.5,106.5,117.6,194.9,105.2,53.5,97.3,48.8,82.2,132.5,,,,,,,,,,,125.2
1999-07,135.4,,68.9,104.3,118.1,202.8,104.7,59.8,96.5,53.7,71.7,131.7,,,,,,,,,,,125.7
1999-08,135.1,,75,108.4,118.2,195.6,104.7,65.6,97,57.2,80.9,137.6,,,,,,,,,,,126.9
1999-09,134.1,,78.4,109.2,119.6,189.2,104.7,68.8,97.9,65.5,75.9,137.2,,,,,,,,,,,128
1999-10,143,,73,108.7,121.8,183.6,105,67.5,99.3,60.9,72.7,139.1,,,,,,,,,,,127.7
1999-11,141.7,,73.8,106.5,122.8,185.6,105.4,71.9,99.6,66.7,77.2,148.4,,,,,,,,,,,128.3
1999-12,141.4,,75.5,108.9,123.8,187.6,106.1,72.7,99.1,71,74,159.1,,,,,,,,,,,127.8
2000-01,140.6,,76.3,108.6,124.6,189.1,107.3,76.1,99.2,72.2,77.8,162.5,,,,,,,,,,,128.3
2000-02,140.1,,86.1,111.2,126.3,189.2,107.9,86.1,101.3,83.5,82.4,155.5,,,,,,,,,,,129.8
2000-03,139.6,,94.9,112.4,128,188.5,108.5,90,102.9,86.9,85.9,153.4,,,,,,,,,,,130.8
2000-04,139.6,,88.8,115.3,128.4,186.3,109.7,84.1,102.7,69.6,82.6,151.4,,,,,,,,,,,130.7
2000-05,139.6,,95.2,119.4,128.7,180.3,110.2,82.8,105.1,79.6,85.8,141.3,,,,,,,,,,,131.6
2000-06,138,,110.3,119.5,129.8,179.6,110,85.7,105,89.8,78.6,134.7,,,,,,,,,,,133.8
2000-07,137.4,,100,118.6,132.7,176.1,109.9,89.5,103.3,83.3,71,130.1,,,,,,,,,,,133.7
2000-08,136.4,,94.3,115.3,130.4,173.2,108.9,92.1,99.6,89.3,66.8,129.2,,,,,,,,,,,132.9
2000-09,136,,104.2,111.7,130.4,171.4,108.6,110.8,102,97.4,70.1,130.1,,,,,,,,,,,134.7
2000-10,141.9,,98.2,112.2,130.5,171.6,107.6,110,102.9,93.1,76.3,122.1,,,,,,,,,,,135.4
2000-11,142.1,,98.8,112.2,129.3,170.4,106.2,110.4,103.6,98.8,81.2,112.6,,,,,,,,,,,135
2000-12,141.8,,88.5,115,129.7,169.6,105.5,101.6,107.3,78.8,81.2,113.3,,,,,,,,,,,136.2
2001-01,141,,93.4,115.8,132.9,166.6,103.8,96.7,110.5,75.4,85.7,122,,,,,,,,,,,140
2001-02,138.4,,94.1,118.8,134.7,168.2,102.7,92.4,106.5,80.7,80.1,114.1,,,,,,,,,,,137.4
2001-03,138.8,,90.6,121.5,134.6,169.5,102.6,83.5,104.2,73.1,84,115.4,,,,,,,,,,,135.9
2001-04,139.6,,104.8,123.7,132.3,170,101.9,86.4,102.3,74.5,80.4,115.6,,,,,,,,,,,136.4
2001-05,137.6,,114,124.8,131.9,181.1,101.6,93.1,102.2,77.7,79.7,115.3,,,,,,,,,,,136.8
2001-06,136.5,100,104.4,123.1,131,183.2,101.3,90.2,104,77,77.6,114.6,,,,,,,,,,,135.5
2001-07,137.2,99.2,85.9,122.7,126.9,175.4,101.3,81.6,104.7,72.8,81,118.5,,,,,,,,,,,133.4
2001-08,136.6,99.4,91.3,123.6,124.5,174.5,100.9,82,107.2,72.6,83.1,119.9,,,,,,,,,,,133.4
2001-09,136.4,99.7,102.3,120.8,127.1,173.1,100.6,91.6,106.2,73,81.7,119.2,,,,,,,,,,,133.3
2001-10,139,99.7,77.7,120,123.8,167.3,100,75.9,105.5,56.9,78.5,113.7,,,,,,,,,,,130.3
2001-11,138.5,100.2,67.9,114.2,122.2,166.1,99.6,71.3,104.3,51.3,80.3,106.1,,,,,,,,,,,129.8
2001-12,139,100.3,59.2,114.9,119.5,164.1,99.1,56.2,103.4,45.4,82.6,107.1,,,,,,,,,,,128.1
2002-01,137.4,101.2,62.3,113.2,119.6,168.3,98.3,58.9,102.8,48.6,82.2,110.8,,,,,,,,,,,128.5
2002-02,138.4,101.3,64.8,116.9,119.9,171.3,98.3,60,101.7,53.5,80.9,117.1,,,,,,,,,,,128.4
2002-03,137,101.8,77.9,118.3,123.1,174.8,99.6,69.7,103.1,65,81.2,121,,,,,,,,,,,129.8
2002-04,136.6,101.9,89,115.2,126.1,174.7,101,76.9,103.3,70.7,79.3,130,,,,,,,,,,,130.8
2002-05,135.5,102,86.1,112.9,125.9,173,102.3,74.7,102.3,77.1,82.8,141.4,,,,,,,,,,,130.8
2002-06,134.9,102.6,85.4,113.5,126,169.8,104.5,73.3,104.1,63.6,81.5,144.4,,,,,,,,,,,130.9
2002-07,131.7,102.7,87,114.2,128.4,170.2,106,77.6,107.4,68.3,90,146,,,,,,,,,,,131.2
2002-08,130.6,102.9,88.1,112,129.7,171.4,107.3,80.4,109.1,72.8,104.6,148.4,,,,,,,,,,,131.5
2002-09,130.8,103.3,90.3,110.1,130.3,169.9,109.7,92.3,110.7,77.5,114.1,147.4,,,,,,,,,,,132.3
2002-10,139.6,104.1,99.4,109.9,132.6,168.1,110.4,98.7,108.5,76.7,105.8,145.3,,,,,,,,,,,133.2
2002-11,137,104.2,87.9,110.3,133.6,167.6,110.4,85.5,107.4,67.6,98.8,138.4,,,,,,,,,,,133.1
2002-12,135.5,104.2,82.1,114,132.4,167.7,110.1,86.8,107.5,72.9,96.3,136.8,,,,,,,,,,,132.9
2003-01,136.1,105.3,95.7,118,137.9,168.1,109.5,97.6,108.1,86.1,93.8,147.7,,,,,,,,,,,135.3
2003-02,136.2,105.6,112.6,119.6,146.9,170.5,109.8,123.8,109,95.2,98.6,161,,,,,,,,,,,137.6
2003-03,139,105.7,120.4,120.4,149.1,169,109.4,129.4,109.6,95.1,95.3,168.9,,,,,,,,,,,141.2
2003-04,134.3,106.3,100.1,121.6,140.6,169.3,109.6,102.3,109,76.1,96.8,167.7,,,,,,,,,,,136.8
2003-05,133.9,106.8,94.5,123.9,140.6,169.4,109,87.9,111.1,74,101.5,161.8,,,,,,,,,,,136.7
2003-06,132.3,107.1,99.4,131.3,142,171,108.8,89.8,111.1,82.3,97.9,157,,,,,,,,,,,138
2003-07,131.9,107.6,101.4,126.5,139.4,175.3,108.4,92.7,110.9,82.4,87.8,161,,,,,,,,,,,137.7
2003-08,132.3,107.7,106.4,128.1,140.5,176,108.4,96.6,108.6,83.8,91.7,175.7,,,,,,,,,,,138
2003-09,130.7,108.5,109.9,131.2,139.8,183.3,108.7,91.1,114.2,75,96.6,185.6,,,,,,,,,,,138.5
2003-10,141.1,108.6,102.7,144.4,140.5,179.4,110.1,101.1,115.5,81.7,87.9,188.1,,,,,,,,,,,139.3
2003-11,139.4,108.7,95.2,138.8,140.3,180.2,110.7,95.9,123.4,80.4,96.6,201.3,,,,,,,,,,,138.9
2003-12,137.9,109.1,94.3,134.4,143.1,180.8,112,98.1,123.3,83.3,101.3,225.5,,,,,,,,,,,139.5
2004-01,137.8,110.2,108.1,124.8,150.1,183.7,115.4,109.3,122.8,90.9,105.5,256.3,,,,,,,,,,,141.4
2004-02,137.3,110.1,111.1,124.5,150.3,190.7,122.5,103.7,124.6,89.9,108.1,307,,,,,,,,,,,142.1
2004-03,137.6,110.4,117,128.6,150,199.7,129.6,109.7,129.4,96.6,112.6,329.1,,,,,,,,,,,143.1
2004-04,136.5,112,126.1,134.5,154.1,206.6,139.1,119.9,137.8,98.4,117.6,293.7,,,,,,,,,,,144.8
2004-05,136.8,112.2,140.5,141.8,155,214.2,146.8,121,139.6,106.5,113.9,249,,,,,,,,,,,146.8
2004-06,136.8,112.3,129.1,143.8,158.1,209.6,147,114.2,132.9,99.2,108.4,243.8,,,,,,,,,,,147.2
2004-07,133.6,112.3,136.1,138.6,161.4,208.6,151.1,123,134.3,105.5,99.1,323.6,,,,,,,,,,,147.4
2004-08,133.3,112.6,128.3,136.5,168.1,219,157.9,135.1,123.1,119.3,92.1,362.7,,,,,,,,,,,148
2004-09,132.6,112.7,130.9,133.7,173.6,218.5,161.1,140.9,119.5,118.3,90.7,332.7,,,,,,,,,,,147.7
2004-10,142.4,112.7,149.1,137.5,175.8,204.9,163.3,166.6,113.6,139.9,80.4,363.3,,,,,,,,,,,150
2004-11,140.4,113.1,140.3,136,178.5,193.6,165.7,159.7,111,125,80.6,381.2,,,,,,,,,,,151.4
2004-12,140,113.9,120.1,138.8,178.3,194.5,166.7,135.3,109.6,108.7,83.8,347.2,,,,,,,,,,,150.2
2005-01,140.5,114.7,127.9,139.5,177.8,197.6,169.6,141.1,111.2,119.6,84.9,324.5,,,,,,,,,,,150.9
2005-02,138.3,114.8,137.4,141.5,179.2,205.5,169.9,149.5,110.5,123.9,82.6,295.3,,,,,,,,,,,151.6
2005-03,137.7,114.9,154.3,143,185.1,206.4,166.3,173.3,112.9,145,90.4,278,,,,,,,,,,,153.7
2005-04,137.6,115.4,162.5,141.9,184.2,204.8,164.1,175.4,114.8,137.5,83.4,303.7,,,,,,,,,,,155
2005-05,136.9,116.9,158.2,145.5,181,196.9,161,170.8,116.2,135.2,83.8,253.1,,,,,,,,,,,154.3
2005-06,134,117.7,159.5,139.9,177.9,202.3,156.2,187.2,118.9,147.6,85.8,189.1,,,,,,,,,,,154.3
2005-07,134.3,120.1,176.5,135.4,182.1,198,152.7,189.8,119.9,161.7,88.2,199.6,,,,,,,,,,,156.3
2005-08,133.4,120.5,189.9,134.2,183.8,194,148.1,200.6,119.7,172.1,83,259.9,,,,,,,,,,,157.6
2005-09,133.5,119.3,214.2,135,196.6,197.7,152,212.6,117.3,171.3,78.3,317,,,,,,,,,,,162.2
2005-10,139.2,119.4,207.6,137.3,209.7,195.8,155.6,264.1,116,170.4,76.1,279.1,,,,,,,,,,,166.2
2005-11,136.4,120.5,164.7,136.6,202.5,191.5,160.2,206.2,114,153.8,79.9,314.2,,,,,,,,,,,163.7
2005-12,134.7,120.7,169.9,138.2,202.6,193.2,160.4,198.5,115.7,162.6,84.1,313,,,,,,,,,,,163
2006-01,135.4,122.3,179.4,138.2,206.4,199.4,163.5,197.1,118.4,171.9,85.2,292.6,,,,,,,,,,,164.3
2006-02,135.4,123.1,162.2,133.7,206.1,200.9,163.5,196.2,117.6,160.2,87.3,312.6,,,,,,,,,,,161.8
2006-03,135.2,123.6,188.5,135.3,206.1,200.2,163.8,206.5,118.1,167.3,88.5,316.4,,,,,,,,,,,162.2
2006-04,134.3,123.2,217.7,131.4,207.4,198.8,165.2,230.4,117.3,187.1,95.8,334.2,,,,,,,,,,,164.3
2006-05,134,125.1,225.2,134.3,212.7,200.6,167.5,239.6,116.7,191.9,96.7,344.2,,,,,,,,,,,165.8
2006-06,132.8,124.7,230.6,135.9,218.7,192.3,173.2,246.9,116.6,187.2,95.7,357.8,,,,,,,,,,,166.1
2006-07,126.3,125.1,236.2,139.5,219.5,187.3,179.8,237.5,116.9,202,102.9,353.4,,,,,,,,,,,166.8
2006-08,128.2,124.9,228.4,137.4,222.3,182.4,181.7,250.2,116.4,198.7,90.7,311.9,,,,,,,,,,,167.9
2006-09,129,124.9,185.7,137.7,216.4,182.2,185.3,201.3,115.8,172.2,92.1,316.1,,,,,,,,,,,165.4
2006-10,131.9,124.5,169.1,134.7,213.6,174.6,187.3,197.5,117.6,155.9,113.6,296,,,,,,,,,,,162.2
2006-11,137.1,124.5,170.5,133.7,208.3,171.6,180,197.2,124.2,154.3,134.7,282,,,,,,,,,,,164.6
2006-12,135.9,125.1,172.9,131.4,210.8,172.5,179,203,129.3,162.7,133.9,289.2,,,,,,,,,,,165.6
2007-01,135,126.8,162,133,211.8,176.9,175.8,180.9,130.9,146.6,131.5,313.5,,,,,,,,,,,164
2007-02,134.7,127.3,170.2,138,212.1,176.8,178,193.5,138.4,157.5,149,350.8,,,,,,,,,,,166.8
2007-03,134,127.8,199.8,141.7,215.3,177.5,181.7,220.2,140.3,156.3,147.8,413.9,,,,,,,,,,,169.3
2007-04,133,128.3,228.7,144,217.1,177,188.3,238,140.1,167.8,135.7,401.7,,,,,,,,,,,171.4
2007-05,132.6,128.5,250.9,147.7,225.1,175.6,190.3,226.5,136.9,169.9,140.7,352.4,,,,,,,,,,,173.3
2007-06,132.3,128.7,239.3,146.5,227.2,177.2,190.5,227.6,140.3,177.4,151,348.9,,,,,,,,,,,173.8
2007-07,131.7,129.1,252.7,138.1,231.4,179.2,189.4,243.5,143.1,200.4,138.7,347.4,,,,,,,,,,,175.1
2007-08,130.8,130.6,216.8,138.8,222.6,176.8,183.4,231.2,142.6,197.9,136.5,356.9,,,,,,,,,,,172.4
2007-09,129.3,131,225.6,138.6,227.5,174.2,180.2,246.2,143.7,214.5,146.3,372.9,,,,,,,,,,,173.5
2007-10,136.2,131.2,223.4,136,233.6,171.2,177.7,249.6,148.3,223.3,150.6,373.5,,,,,,,,,,,174.7
2007-11,136.8,131.2,258.4,131.6,248.2,167.2,179,296.7,152.7,252.6,162.1,358.5,,,,,,,,,,,179
2007-12,135,131.5,235.4,132.9,245.1,167.3,180.6,271.9,155.3,246.8,188.5,380.2,,,,,,,,,,,178.6
2008-01,135.9,133.6,240,135.2,251.6,163.7,183.2,278.2,163.8,253.5,214.5,449.2,,,,,,,,,,,181
2008-02,135.7,135.7,243.7,135.2,252.1,161.9,186.6,287.5,170.3,257,223.1,470.1,,,,,,,,,,,182.7
2008-03,134.4,135.8,272.4,138.1,261.3,162.1,196.9,353.7,178.5,297.7,245.6,481.4,,,,,,,,,,,187.9
2008-04,135.3,136.7,281.3,137.3,270.7,162.8,209.7,365.1,178.6,314.4,239.8,640.4,,,,,,,,,,,190.9
2008-05,134.5,137.1,317,143.2,285.6,169.1,229.9,398.2,184.4,349.5,233.4,690.9,,,,,,,,,,,196.6
2008-06,132,137.1,332.6,145,295.3,170.4,246,421,186.6,367.5,251.1,704,,,,,,,,,,,200.5
2008-07,130.5,138.2,343.8,152.3,315.6,166.9,251.8,431.9,206,384.3,235.7,743.1,,,,,,,,,,,205.5
2008-08,131.2,138.4,310.1,157.1,309.1,167.3,257,346.7,203.6,321.6,209.8,715,,,,,,,,,,,199
2008-09,131,139.4,316.1,154.5,312.3,166.7,251.8,342.3,196.9,291.5,201.5,550.6,,,,,,,,,,,196.9
2008-10,141.1,139.5,230.3,145.8,275.7,159.4,231.4,281.8,181.6,215.6,157.2,329,,,,,,,,,,,186.4
2008-11,139.7,140.1,154,141.2,246.2,156.7,213.6,224.1,175.3,150.9,150.6,211.5,,,,,,,,,,,176.8
2008-12,139.8,140.8,114.5,139.3,219.3,154.9,189.3,168,166.7,104.5,133.7,248.7,,,,,100,,,,,,170.9
2009-01,139.3,143,132.1,135.5,220.6,150.4,178.8,161.6,169.4,94.9,147.2,279.1,,,,,100.5,,,,,,171.2
2009-02,139.2,143.3,138,133.8,224.1,148.5,171.5,147.2,171.8,95.9,150.3,267.3,,,,,96.1,,,,,,169.3
2009-03,138.4,144.5,135,131.2,222.6,144.8,167.3,139.2,171,122.6,151.5,246,,,100,,95,,,100,,,168.1
2009-04,139.1,145.1,151.9,134.4,220.1,145,157,167.4,172,132.5,152.2,224.5,,,98.7,,95.1,,100,100.2,,,169.1
2009-05,138.7,145.2,175.5,140.4,223.4,143.7,153,166.4,178.1,157.5,166.7,254.6,,,99.7,,90,,102.4,100.2,,,170.8
2009-06,140.3,145.9,206.8,138.2,232.8,144.6,153.3,191.1,186.6,189.2,173.9,266.9,100,100,100.1,100,92.1,100,122.2,100.2,100,100,174.1
2009-07,137.3,147.5,188.1,134,236.1,150.9,156.4,172.8,181.5,160.6,142.6,311.6,100.2,100.8,98.4,96.8,94.1,101.2,114.4,100.2,100.5,99.9,172.5
2009-08,138.8,147.8,209.6,134.9,241,151.4,161.9,204.1,178.3,188.6,136.4,351.8,100.4,101.7,98.4,97.8,96.7,100.8,115.5,100.3,100.4,99.6,175
2009-09,136.5,148,198,135,243.5,152.6,168.6,193.2,176,188.3,131.1,369.4,100.5,101.7,96.7,101.5,93.5,101,126.8,100.4,100.6,98.9,174.1
2009-10,140.9,148.2,194.4,132.2,243.2,151.4,173.7,202.8,171.8,201.3,142.5,359.3,101.1,103.1,96.4,104.9,95.8,102.3,126.6,100.4,100.3,98.4,175.2
2009-11,142.1,148.3,208.5,132.7,247,153.3,170.6,215.7,172.3,213.8,144.6,334,101.1,103.2,98.1,102.8,98.3,101.8,138.2,100.4,100.6,99,177.4
2009-12,140.7,149.3,203.3,135.5,254.6,156.4,170.8,205.1,173.5,195.4,144.5,376,101.2,103.4,93.8,105,99.1,101.8,143.8,100.5,100.2,99.3,178.1
2010-01,141.9,152.6,223.4,138.2,261.7,157.2,175.7,229.4,174.3,217.6,143.8,439.6,101.9,104.2,94.4,98.9,101.3,101.7,146.8,102.2,100.2,100.5,181.9
2010-02,141.6,153.3,205,140.6,269.4,166.4,181.1,206.9,170.2,204.8,138.3,452.7,101.9,104.3,97.5,101.4,100.7,99.7,148.6,102.4,100.4,100.3,181
2010-03,140.4,153.9,225.4,144.5,273.1,169.2,187.4,225.5,167,223.3,138.5,496.1,102,104.5,96.2,109.3,103,99.4,138.2,102.4,101.2,100.9,183.3
2010-04,139.8,153.9,232,153,275.1,175.8,195.3,240,163.2,233.1,137.9,545.8,102.1,104.6,96.4,106.6,104.8,99.6,154.8,103.3,101.6,99.9,184.4
2010-05,139.9,153.9,230.2,162,271.9,180,202.6,235.8,165.2,205.1,143.4,521.3,102.1,104.5,96.1,107,102.8,104,160.3,103.3,102.1,99.1,184.8
2010-06,138.4,154,219.7,153.8,264.1,170.1,204.8,221.8,166.6,206.5,136.9,492.7,102.5,104.6,97.8,101.5,106,103,165.1,103.3,102,99.6,183.5
2010-07,137.7,155.5,220.5,151.3,257.8,167.4,197,218.5,168.6,208.1,141.9,460.6,102.6,104.8,97.7,100.4,106.6,102.7,166.3,103.6,101.9,98.7,184.1
2010-08,137.9,155.7,224.5,151.6,260.7,165,190.9,231.1,169.5,211.8,150.8,472.3,103,105,97.6,103.3,104.1,102.7,179.8,104.3,102.1,99.4,184.9
2010-09,137.6,156.4,219.1,156.3,264,163.9,191.1,227.7,169.2,207.1,174.8,492.3,103.2,105.1,103.8,104.4,98.4,103.9,182,104.4,102.2,99.8,184.9
2010-10,140.9,157.2,229.6,154.4,268.6,162.6,191.7,243.7,175.7,224,196.7,471.4,103.6,105.8,103.2,107.8,101.2,103.8,179.7,104.4,102.6,100.3,186.6
2010-11,140.3,157.2,232.8,152.2,278.2,163.8,190.5,255.3,183.2,237.1,203.1,480.5,103.7,105.8,103.3,105.7,102.1,103.9,191,104.4,103.6,99.8,187.7
2010-12,139.7,157.3,241,155.6,285.5,166.4,192.2,259.2,186.1,243.9,216,523.7,103.6,105.8,103.2,104,102,104.2,194.7,104.4,103.7,100.1,189.7
2011-01,140.2,161.5,253,156.7,297.4,169,198.2,270,190.5,251.9,226.7,587.4,104.2,106.3,104.8,101.9,105,104,212,106.4,104.5,100.5,192.7
2011-02,140.2,161.6,259,162.4,311.5,168.7,209.8,289.3,194.6,241.5,255.2,589.8,104.5,106.5,107.1,102.1,106.7,104.6,207.3,106.7,105.7,100.3,195.8
2011-03,139.9,161.1,296.2,168.3,317.5,170,215.9,321.8,198.5,283.7,239.1,591.8,104.4,106.8,107.2,112.3,111.6,105.7,191.4,106.8,106.9,101.3,199.2
2011-04,140.6,160.9,321.9,174.5,332,168.7,221.5,339.8,204.4,311,272.1,592,104.7,106.9,106.8,107,111,105.5,221,107.1,108.2,101.9,203.1
2011-05,139.9,160.4,343.8,171.8,341.8,165.9,221.9,328.4,207,290.1,266,583.7,104.6,106.9,106,108.3,110.6,104.9,212.2,107.1,108.8,102.2,204.1
2011-06,140.1,159.3,313.3,167.1,339.6,165.3,219.5,333.7,209,277.7,281.9,598.2,104.8,107,108.5,103.1,110.6,105.1,219.4,107.2,108.4,103.2,203.9
2011-07,139.9,160.9,313.1,170.2,338.6,165.9,219.5,327.8,207,284.2,260.7,597.7,105,107.5,109.1,101.6,110.9,105.7,211.1,107.3,108.3,102.5,204.6
2011-08,139.8,162.3,297.6,176.2,337,167.7,219.2,307.3,207.6,245.2,263.6,596,105.1,107.9,109.6,108.8,113.3,105.5,216,107.4,108.3,104.1,203.2
2011-09,139,163.3,305.7,178,336,165.6,218.9,317.8,210.3,268.9,266.8,601,105.2,108.1,108.6,114,108.7,103,222.5,107.5,109,102.8,203.7
2011-10,144,163.2,290,173.5,325.2,165,217.9,310.6,202.5,265.2,240.3,591.4,105.6,108.4,109,113,111,103.2,213.1,107.5,109,102.4,201.1
2011-11,144,163.4,281.7,173.7,315.6,163.2,216.6,337.1,198.8,302.6,243.5,538.8,105.7,108.6,106.9,115.7,110.9,103.6,213.8,107.6,109.5,102.8,201.4
2011-12,143.7,163.9,272.5,174,304.4,164.1,215.6,311,195.4,283.5,226.4,573.6,105.8,108.8,107,111.4,111.6,103.4,216.5,107.6,109.5,103.8,199.8
2012-01,144.4,169.4,281.8,174.2,308.3,164.1,216.3,322,197.3,291.7,243.5,606.4,106.3,109.3,109,106.3,113,103.2,226.6,109.6,110.1,104.8,200.7
2012-02,143.9,169.4,296.6,174.1,314.9,166.2,217.9,329.2,198.4,295.3,241.6,569.3,106.3,109.5,111.6,111.6,115.1,104.3,226.5,109.7,110.4,105.4,201.6
2012-03,143.7,169.4,318.2,175.2,327.3,169.3,216.6,344.3,204.7,305.4,250.5,574.2,106.3,109.7,111.6,116,117.4,103.8,217.6,109.8,111.6,107.2,204.2
2012-04,143.9,169,327.2,175.1,328.9,170.1,216.1,339.4,208.7,297.8,242.3,565.6,106.3,109.8,112,116.7,117.9,106.1,226.8,110,111.9,106.7,203.7
2012-05,143.1,169.7,312.6,176.3,321.2,174.8,214.8,325.8,214.9,273,234.2,559.2,106.5,109.9,112.3,115.6,116.3,103.9,225.8,110.2,111.9,106.5,201.9
2012-06,143.4,169.5,296.8,179.7,299.4,174.7,209.9,295.4,218.5,241.4,232.8,485.6,106.5,110,113.2,115.4,118.2,102.5,221,110.2,111.2,106.6,199.8
2012-07,144.3,172.7,288.6,179.9,294.8,170.7,206.2,298.7,227.4,247.6,278.8,446.4,107,110.5,114.6,107.4,116.2,102.1,217.5,110.2,111.2,107.2,200.1
2012-08,144.2,173.7,312,179.8,295.2,175.2,200.6,324.1,243.8,271.3,289.7,491.7,107,110.8,113.7,111.9,116.4,103,219.3,110.2,112.2,106.6,202.7
2012-09,143.1,173.4,332.1,179.6,299.4,174.8,203.2,342.4,248.5,282.3,289.2,483.6,107,110.9,114.4,112.1,110.4,101.5,223,110.3,112.9,107.2,204.4
2012-10,147.2,173.9,318.7,177.1,300.2,170.6,199,351,243.6,268.4,280.7,428.3,107.3,111.2,115,116.5,113.8,102.7,213.3,110.3,113,106.5,203.5
2012-11,147.5,173.7,281.5,180.5,296.5,177,197,323.8,235.6,256.6,277.2,479.2,107.2,111.2,112.5,113.9,112.9,103,221.5,110.4,112.9,106.9,201.8
2012-12,147,173.8,271.1,179.3,297.1,181.9,198.3,317.4,235.1,252.4,277.2,483.7,107.7,111.6,111.9,111.5,112.4,101.1,217.2,110.4,113,107.7,201.5
2013-01,146.8,179.9,275.1,177.2,305.4,190.9,197.8,318.9,229.6,270,278.8,476.8,108.2,112.1,112.5,100.4,114.6,101.7,226.6,111.9,112.6,109.1,202.5
2013-02,146.7,181,301.9,176.1,315.8,196.1,196.3,342.4,231.8,275,268.1,467.2,108.5,112.3,114.7,109.5,113.7,101.1,225.2,112.4,113.1,107.5,204.3
2013-03,145.9,181.5,303.8,176.2,309.6,204.1,195.2,321,234.3,271.6,275.4,499.9,108.6,112.4,115.9,113.7,116.7,101.1,212.7,112.6,113.5,108.1,204
2013-04,145.7,181.6,297.2,173.7,303.4,208.4,195.7,318.3,228.2,276.5,251.1,488.3,108.3,111.8,116.5,112.3,113.7,101.8,223,113.3,112.9,109.2,203.5
2013-05,145.1,182.5,305,178.4,303,200.7,193.3,307.7,234.5,276.8,261.9,460.7,108.4,111.9,114.1,111.3,112.1,103,213.4,113.3,112.8,108.5,204.1
2013-06,144.8,183.4,302.5,182.1,303.1,192.4,192.9,304.8,234.1,276.6,265.7,454.2,108.7,112,114.2,110.6,116,102.8,222,113.3,113.3,109,204.3
2013-07,144.1,185.9,298.4,182.2,299.8,190.5,193.6,311.6,248.8,303,257,480,108.9,112.3,116.2,110.6,117,105.2,218.9,113.3,113.2,110.3,204.4
2013-08,143.9,185.7,304.9,181.8,299.3,194.5,193.5,319.3,231,304.1,216.2,480.5,108.8,112.6,115.7,111.9,117.7,105.4,218.8,113.3,113.5,110.6,204.2
2013-09,143.6,181.7,299.4,181,298.7,196.3,193,328,237.9,304.8,200.2,470.1,109,112.8,115.4,115.1,111.4,103.4,218.3,113.7,113.5,111.1,203.9
2013-10,148.3,182.1,285,180.6,294.5,200.4,194.5,318.4,220.7,285.9,182.4,468.8,109.4,113.6,117.7,120.3,114.1,104.9,212.8,113.7,113.6,110.8,202.5
2013-11,149,182.1,269.6,182.1,290,204.6,196.4,307,213.4,260.1,178.2,494.3,109.5,113.6,115.2,114.1,111.7,104.5,217.3,113.6,113.6,110.6,201.2
2013-12,149.8,184,268.8,182.8,292,205.4,197.2,314.7,216.6,270.2,179,522.6,109.5,113.6,113,110.9,118,104,209.6,113.8,114,109.5,202
2014-01,150.2,192.8,271.1,182.7,295.8,210.5,198.4,308.5,222.1,261.1,177.2,562.9,110,113.9,115.1,102.9,115.2,101.2,215.1,116.1,114.1,110.2,203.8
2014-02,150.1,193.2,276.9,183.9,298.6,214.8,199.1,322,223.9,284.4,180.9,529.2,110,114,116.4,108.2,112.7,101.6,212.3,116.3,114.2,110,205.7
2014-03,149,192.8,290.1,194.3,291.1,218.3,197.8,318.1,222.8,282.4,193.2,503.5,110.1,114,116.1,114.6,117.4,103.8,210,116.4,114.6,110,207
2014-04,148.7,192.3,305.6,209.4,294.8,215.3,199.3,318.7,229.8,289.9,203,521.7,110.1,114,118.1,113.1,118.3,101.8,210.7,116.5,115.6,110.8,208.3
2014-05,148,193.2,301.3,208.2,289.1,217.1,200.2,316.5,231,286.7,203.9,504.2,110.1,114,121.7,110.8,117.3,98.7,206.6,117.1,116.1,111,208
2014-06,147.3,195.4,306.1,214.3,289.8,216.3,201,308.8,232.9,292.6,184.3,489.6,110.2,114,121.3,104.4,120.4,100.1,207,117.1,116.2,111.5,208.3
2014-07,147.2,197.3,299.7,223.5,295.7,215.6,201.2,307.8,222,280.4,158.9,490.1,109.8,114.2,121.7,111.8,120,102,203.7,117.2,116.4,111.9,208
2014-08,147,197.7,295.4,223.6,296.4,216.6,201.9,306.9,219.9,269.2,152.3,488.7,110.4,114.4,119.6,109.5,120.8,101.5,204.1,117.1,116.4,110.9,207
2014-09,146.3,197.6,285.3,216.3,293.1,218.7,202.2,302.3,226,257.2,148.7,499.3,110.4,114.6,120.2,112.9,114.5,101.9,194.8,117.1,115.9,110.6,206.4
2014-10,151.3,199.2,257,221.1,284.6,214,201.6,283.4,202.3,225.7,143.7,473.7,110.6,114.8,124.8,120,115.2,102.9,190.8,117.1,115.4,111.9,203.4
2014-11,151,199.2,231.2,215.8,275.1,211.2,200.6,272.3,208,211.7,151.7,443.1,110.6,115.1,124.1,111.9,114.7,101.9,198.8,117.1,115.4,112.3,200.9
2014-12,149.6,201.6,194.3,211.9,263.4,210,198.6,229.9,210.2,168.9,160.4,432.5,110.6,115,122.6,114,116.3,106.5,188.7,117.1,115.3,112,197
2015-01,151.2,207.8,150.7,206.3,242,210,196.3,182.6,204.9,120.1,157.2,431.6,110.1,115.8,124.3,105.6,115.7,101.8,197.7,118.6,113.9,114,192
2015-02,152.7,207.9,159.8,199.2,242.4,207.8,191,191.5,199.5,130.3,157.7,346.6,110.2,115.8,124.9,114.3,113.9,102.7,194.2,119.5,113.1,111.7,191.1
2015-03,152.5,208,179.9,198.6,244.7,204.6,187.3,193.1,198.7,127.5,157.6,333.8,110.2,115.8,123.8,117.5,116.4,102.8,196.6,119.9,113.6,111.8,191.5
2015-04,152,207.7,179.1,199.6,245.5,202.8,181.5,183.8,195.4,143,153.8,333,110.3,115.9,124,117.5,114.3,107.2,202.5,120.5,113.4,112.1,190.9
2015-05,151.8,208.5,210.2,206.6,248.5,198.7,177.7,202.6,191.4,165.4,148.6,331.7,110.3,115.8,127.7,110.7,112.7,104.1,193.6,120.4,113.9,111.5,193.4
2015-06,151.5,216,214.3,207.5,251.2,198.2,176.9,198.7,191.6,164.6,151.4,352.7,110.4,115.8,127.2,109.6,115.4,103.6,199.8,120.7,114,111.2,194.8
2015-07,151.9,216.1,215,200.9,251.5,200.1,175.7,194,195.1,143.4,165,342.7,110.2,116.2,127,111.2,115.3,105.9,191.8,120.5,113.9,110.9,193.9
2015-08,150.9,216.1,199.3,201.7,245.2,196.6,174.3,189.2,197,115.4,148.3,307.2,110.2,116.7,126.4,114.7,112.6,110.3,195.9,120.4,113.2,109.6,191.9
2015-09,150.8,216.2,166.7,196,236.4,191.8,172.1,169.4,192.4,117.6,147.8,297.1,110.2,116.9,126.2,116,107.2,105.4,187.5,120.5,112.9,109.7,189.1
2015-10,154,216.2,159.4,189,235.2,192.3,168.7,173.5,188.7,121.5,147.2,237.5,110.5,117.2,128.1,122.5,109.4,103.3,181.1,120.8,112.6,110.5,187.5
2015-11,153.9,216.1,153.2,184.4,234.2,195.4,163.8,167.4,184.4,111.7,141,209.3,110.6,117.3,127.6,114.6,108.1,100.6,187.5,120.3,113.3,111.2,185.7
2015-12,153.8,217.2,138.6,175.4,230.1,193.1,160.1,130.8,180.1,93.3,147.1,211.4,110.6,117.3,130.1,112.4,106.5,109.9,178.1,120.1,112.8,113.2,183.5
2016-01,153.3,227.8,127.8,174.7,223.6,194.1,158.6,119.2,178.7,75.1,140.8,232.4,110.7,117.7,130.1,108.5,110,122.9,191.2,121.6,112.5,116.1,182.6
2016-02,153.6,228.6,112.7,177.4,219.2,193.8,157.4,113.4,177.5,69.5,139.9,234.5,110.9,117.9,129.2,112.1,108.9,127.9,193,122.2,112.2,117.2,181.3
2016-03,153.2,228.6,123.4,179.7,221.4,196.8,157.2,119.4,178.7,91.5,142.6,259.5,111,118,129.9,116.1,112.5,128.9,189.5,121.8,111.9,116.8,182.1
2016-04,153.1,228.9,140.6,182.6,224.7,201.7,161,123.6,181.5,105.3,139.6,315.6,111,117.9,130.3,117.7,110.5,127.1,192.5,122.2,112.2,115.5,183.2
2016-05,153.2,229,152.2,184.7,226.9,203.2,167,144.4,191,118.3,142.7,358,111.1,118,130.6,114.4,106.3,126.4,183.7,122.6,112.3,116.5,185.3
2016-06,153.2,232,164.4,189.9,227,203.6,170.7,155.4,199.8,128.5,159.8,338.4,111.1,118.2,129.3,112.5,111.3,126.4,189.8,122.6,111.6,116.7,187.6
2016-07,152,232.5,157.1,184.8,225.2,204.8,173.3,157.6,198.8,120.6,132.7,324,111.2,118.9,130.2,108.7,112.7,133.5,185.3,122.6,111.8,115.5,187.7
2016-08,151.3,233.5,149,179.2,226.7,206.3,176.3,149.8,194.1,115.3,124.5,316.8,111.4,119.3,129.1,109.3,110.6,128.9,190.9,123.3,111.8,114.7,186.6
2016-09,151.2,233.7,152,176.6,229.7,205.4,174.7,163.1,189.1,117.7,119.9,294.2,111.6,119.3,130.5,115,103.2,128.8,189.9,123.2,111.7,114.7,186.9
2016-10,155.9,234.4,160.5,171.6,232.7,204.9,172.2,159.7,185.4,132.8,122.5,267.7,111.8,120.2,128.5,123.9,106.4,128.4,183.9,123.2,112.5,116,186.7
2016-11,155.7,234.4,147.6,165.4,238.9,203.5,171.5,157,184.7,121.1,125.6,298.2,111.9,120.2,127.7,117.6,107.7,133.4,189.4,122.9,112.8,116.2,186.3
2016-12,156.7,234.7,155.2,167.9,241.5,203.1,173.9,158.8,189,138.7,130.3,347.3,111.9,120.1,129,111.6,111.6,135.3,185.1,122.8,113,117.2,188.2
2017-01,156.1,243.7,166.4,167.8,241.5,203.1,178.1,161.1,186.1,138.4,133,397.5,112.4,120.4,130,111.4,112.2,135.2,195.8,125.1,113.2,117,190.7
2017-02,155.8,243.7,166.7,167.3,248.4,210.1,183.1,163.5,188.8,143.3,138.5,388,112.4,120.1,130.3,111.8,112,135.3,199,127,113.5,115.1,191.6
2017-03,156.3,243.7,165.6,174.5,253.7,211.8,186.4,161.3,187.9,131,136.2,421.9,112.5,120.3,132.1,113.7,110.3,134.3,192.1,126.5,113.3,116.3,191.5
2017-04,156.3,243.7,176.2,178.2,255.4,215.9,187.8,162.9,186.1,139.6,135.7,399.3,112.6,120.2,130.5,117.9,112.8,136.4,198.3,126.9,113.4,117.9,193
2017-05,154.9,244.7,163.5,187.3,253.5,218.3,190.4,173.6,185.6,128.9,136.8,396.2,112.6,120.2,130.4,112.1,109.5,137.2,196,127.1,113.8,119.1,192.8
2017-06,154.7,247.1,162.5,197.4,251.5,216.1,190.9,171.5,183.7,123.8,141.2,395.1,112.7,120.5,129.9,111.1,113.6,140.3,203.9,127.1,114,118,193.6
2017-07,153.8,247.4,160,187.8,247.3,216.9,193.7,179.6,185.4,124.7,153.1,395.6,112.8,120.6,129.7,111.2,111.3,141.9,200.6,127.7,114.3,118.1,193.5
2017-08,153.4,247.5,169.3,187.3,252.8,222.1,188.3,188.9,185.5,130.6,133.7,414.8,113.1,120.9,130.1,110.3,108.8,141.3,212.3,127.7,115.2,120,193.8
2017-09,153.4,245.5,187.2,180.2,254.2,220.7,189.3,204.2,183,134.9,129.9,422.6,113.1,121,131,113,106.5,141.2,205.5,127.3,116.2,120.7,194.8
2017-10,156.9,250.3,175.4,175.1,258.5,223.6,187.7,213.5,183.4,142.4,129.2,393.6,113.2,122.2,129.2,121.3,111.2,143,201.5,127.5,116.2,120.7,194.9
2017-11,157.6,250.2,185.8,175.6,265.8,224.6,186,223.7,182,159,129,381.6,113.1,122.3,128.5,115.6,112.4,143.8,207,127.9,117.4,121.3,195.9
2017-12,157.6,250.5,179.4,173.6,266,223.6,186.9,223.8,184.5,162.8,130.5,413.6,113.2,122.3,127.4,112.5,107.9,146.7,192.2,127.1,118.1,119.5,196.3
2018-01,156.7,257.8,184.6,175.2,268.1,225.3,187.2,229.4,184.7,179.1,135.4,454.4,114,122.7,129.8,108.5,107.8,150.3,207.5,129.3,118.8,119.3,197.9
2018-02,156.5,257.8,190.1,174.8,270.3,237,191.4,226.5,195.1,172,143.3,469,114,122.9,130.7,112.2,110,150.2,210.4,130.6,119.5,119.7,199.3
2018-03,156.6,257.8,188.7,180.6,272.1,240.3,195.6,224.8,197.6,173.9,150.6,490,114.4,122.9,130.8,113.7,114.5,151.8,205.5,130.9,119.6,121.5,199.3
2018-04,156.1,257.5,202.9,177.3,269.9,238.4,200.5,231.8,199,185.3,151.5,517.2,114.6,123.4,130.5,115.4,114.8,154.5,215.8,131.2,120,122.7,200.3
2018-05,156.1,257.2,220.6,185.2,270.9,249.3,208.5,251.1,201.1,198.1,155.1,508.6,114.6,123.4,133.7,111.9,112,153.7,219.4,130.5,121,123.4,203.2
2018-06,156.4,257.9,222.3,184.4,272.5,254.5,213.9,261.4,197.1,188.5,151,502.4,114.8,123.4,132.4,110.9,115.1,155.2,226.9,130.6,122.9,124.2,204.2
2018-07,155.9,260.3,219.6,178.3,274.2,248,217.7,256.9,195,204,138.4,494.3,115.1,124,131.2,110.4,114.6,158.6,225.2,130.2,123.6,124.4,204.3
2018-08,156,259.1,217.1,174.1,279.7,231.7,222.3,254.3,194.1,189.3,144.5,469.7,115,124.2,133.1,107.4,111.9,157,234.7,130.1,123.8,122.6,203.4
2018-09,156.2,259.4,215.4,174.1,283.9,228,225.3,262.5,187.3,195.2,138.8,450.5,115.1,124.4,131.8,112.4,111.5,156.6,230.9,130,124.7,122.1,203.6
2018-10,158.9,260.5,222.2,174.5,286.3,214.2,223.4,271.7,186.9,204.1,139.2,459.2,115.2,125.9,133.9,119,115.6,158.9,224.2,130,125.7,125.1,204.6
2018-11,158.8,262.3,189.3,174,277.6,209.2,224.4,264.8,186.7,157.4,142.8,479.9,115.1,126.1,133.4,113.6,118.2,159.6,240.3,130.1,125.8,124.2,202.3
2018-12,158.6,263.2,156.7,174.5,262.4,211.2,223,232.7,188.4,136.7,148,480.7,115.1,126.3,132.2,110.5,116.7,159.6,225.9,129.9,125.8,124.5,201
2019-01,158.6,267.9,145.7,174.2,259.9,210,220.8,201.1,189.9,141.5,144.2,442.4,115.6,126.3,134,107.7,118.1,161.4,245.8,132.8,125.7,124.9,199.1
2019-02,158.3,267.9,153.2,175.3,257.4,215.8,215.3,218.3,189.6,150.6,148.7,432.9,115.8,126.6,135.3,112.5,114.6,160.5,248.3,134.3,125.2,125.4,199.2
2019-03,157.5,268.6,177.6,175.7,258.3,213.5,215.6,239.3,189.4,158.9,141.4,457.7,115.7,126.9,135,113.3,116.5,161,237.9,134.4,125,127.3,200.8
2019-04,157.2,269,207.4,183.6,259,212.6,212.1,237.7,189.3,176.7,141.3,438.4,116.2,126.8,135.1,115.3,118.6,163.1,241.5,134.5,124.9,128.8,202.1
2019-05,157,268.5,212.9,187.1,254.4,210.8,210.4,235,187.2,171,142.7,409,116.7,126.9,134.7,110.6,117.5,163.1,232.8,134.6,125.4,128.7,201.7
2019-06,156.8,268.2,195.6,185.9,253.8,205.6,206.3,204.4,188.5,153.4,165.3,365.8,116.7,127.1,134.5,109.3,119.9,164,243.6,134.9,125.8,128.6,200.3
2019-07,156.5,268.3,198.9,181.6,249.3,209.9,200.9,220,187.4,162.3,168,350.4,117,127.6,134,106.2,120.8,164.4,231.2,135,125.3,129.6,200.7
2019-08,156,268.4,189,184.5,245.8,208.9,198.1,207.2,188.3,156.9,145.4,375.4,117.1,127.9,134.8,113.6,116.9,163.4,236.1,135.7,125.3,129.3,199.2
2019-09,155.7,268.4,180,185.1,242.5,210.9,196.9,218.4,187.2,156.2,142.1,330.1,117,128,135.3,115.5,112.9,163.9,224.3,135.5,125.1,125.9,198.4
2019-10,158.3,268.5,185.9,183.8,252.3,208.6,194.7,220.5,187.7,146.1,153.7,289.7,117.6,129.3,135.4,121.9,117.9,148.7,209.8,136,125.4,126.4,198.6
2019-11,158.8,268.4,179.1,188,250.9,208.3,190.2,223.1,187.6,155.9,151.9,310.4,117.6,129.4,134.5,115.2,115.9,143.8,212.9,135.9,126,126.4,199
2019-12,158.2,268.1,174.5,184.8,246.9,210,187.4,231.1,188.8,162.8,149.9,348.9,117.4,129.4,134.1,112,123.1,144,199.4,136,125.8,127.6,199
2020-01,156.8,273.3,178.5,181.2,246.3,209.6,187.3,214.5,190.5,158.7,158.7,393.2,118.2,130,136.7,105.1,118.2,145.7,200.9,138.4,126,128.4,199.3
2020-02,156.6,274.2,168.2,176.8,241.9,214.4,188.3,194.1,190.3,133.8,155.3,360.6,118.6,130,135.9,105.1,115.3,148.5,200.5,140.4,125.6,129.5,196.5
2020-03,157.3,274.6,144,175.6,238.3,222.2,190.7,171.6,190.8,87.5,153.1,374.3,118.3,130.4,137.6,115.5,106,155.7,201.4,140.1,124.2,129.2,193.8
2020-04,155.7,274.6,68.4,185.5,211.9,204.7,188.8,124.2,192.4,44.7,134.6,313.2,118.1,130.9,139.2,115.1,94.1,144.2,187.5,140.4,123.2,128.1,186
2020-05,156.6,274.4,101.2,268.1,203.1,209.7,182.9,108.3,193.1,63.3,131.3,353.4,118.8,131.1,138.7,112.6,103.3,129.8,165.2,140.5,120.2,128,189.4
